"","Blue_modal3_corr_09_pred_10","GLI_modal3_corr_09_pred_10","GLI_sobel3_corr_09_pred_10","MSR_sobel_v3_corr_09_pred_10","NGRDI_sobel_v3_corr_09_pred_10","NGRDI_sobel3_corr_09_pred_10","SI_modal3_corr_09_pred_10","SI_sobel_v3_corr_09_pred_10","SI_sobel3_corr_09_pred_10","SR_sobel3_corr_09_pred_10","TDVI_sobel3_corr_09_pred_10","TGI_modal3_corr_09_pred_10","TGI_sobel_v3_corr_09_pred_10","TGI_sobel3_corr_09_pred_10","class"
"1",2,0.0370370373129845,0.13306537270546,-0.338430494070053,0.0111036784946918,0.0464957989752293,-0.0724637657403946,-0.0713043510913849,0.0715743601322174,0.101639457046986,0.215444877743721,90,-322.5,456.083862304688,"shadow"
"2",2,0.0370370373129845,0.0757788345217705,-0.064239040017128,-0.00615384615957737,0.121694155037403,-0.0793650820851326,-0.0139130437746644,0.111184492707253,0.153244614601135,0.360767364501953,90,-107.5,152.027954101562,"shadow"
"3",2,0.0370370373129845,2.77555756156289e-17,-0.147871091961861,0,0,-0.0793650820851326,-5.55111512312578e-17,5.55111512312578e-17,0.0814116895198822,0.549664199352264,90,0,0,"shadow"
"4",2,0.0299823638051748,0.140318334102631,-1.11022302462516e-16,-0.0123076923191547,0.0249813739210367,-0.0821256041526794,-0.0278260875493288,0.056950256228447,0.0454545468091965,0.266438245773315,66.1111145019531,-215,480.754608154297,"shadow"
"5",2,0.0370370373129845,0.132752880454063,-0.064239040017128,-0.00615384615957737,0.133987545967102,-0.0793650820851326,-0.0139130437746644,0.0836496353149414,0.210908502340317,0.209097385406494,90,-107.5,339.944854736328,"shadow"
"6",2,0.0370370373129845,2.77555756156289e-17,-0.147871091961861,0,0,-0.0793650820851326,-5.55111512312578e-17,5.55111512312578e-17,0.0918653234839439,0.629809617996216,90,0,0,"shadow"
"7",1.55555558204651,0.0424242429435253,0.196106284856796,-0.530566811561584,0.0808080807328224,0.187954798340797,-0.0718954280018806,-0.106074318289757,0.18363256752491,0.164808616042137,0.805640161037445,95.5555572509766,0,240,"shadow"
"8",1.55555558204651,0.0424242429435253,0.0548884235322475,-0.795253694057465,0.117171719670296,0.223138600587845,-0.0718954280018806,-0.137254908680916,0.31747755408287,0.115470722317696,2.14514327049255,95.5555572509766,0,240,"shadow"
"9",1.66666662693024,0.0457516349852085,0.196459665894508,-0.122761107981205,0.042248573154211,0.167217046022415,-0.0849673226475716,-0.0764481499791145,0.113326869904995,0.278944551944733,0.736075580120087,82.2222213745117,-142.5,343.456695556641,"shadow"
"10",1.88888883590698,0.0398322865366936,0.304569929838181,2.38231325149536,-0.232507988810539,0.51604962348938,-0.0849673226475716,0.197263911366463,0.44299528002739,0.762523472309113,0.624003887176514,82.2222213745117,-320,508.355194091797,"shadow"
"11",2.22222232818604,0.0299823638051748,0.100389763712883,-0.064239040017128,-0.00543478270992637,0.0171862915158272,-0.0821256041526794,-0.0124223604798317,0.0392829515039921,0.059602465480566,0.378832429647446,66.1111145019531,-107.5,339.944854736328,"shadow"
"12",2,0.0370370373129845,0.171397641301155,-0.0813887119293213,-0.0108695654198527,0.140421316027641,-0.0793650820851326,-0.0248447209596634,0.0729335397481918,0.240758910775185,0.372341215610504,90,-215,480.754608154297,"shadow"
"13",2,0.0370370373129845,0.0448956675827503,-0.0406943559646606,-0.00543478270992637,0.00768594304099679,-0.0793650820851326,-0.0124223604798317,0.0175678711384535,0.0564692430198193,0.399212837219238,90,-107.5,152.027954101562,"shadow"
"14",1.44444441795349,0.0457516349852085,0.183872938156128,0.62988418340683,-0.105050504207611,0.169745057821274,-0.0814814791083336,0.131048515439034,0.169030740857124,0.120659150183201,0.972925901412964,95.5555572509766,0,240,"shadow"
"15",1.55555558204651,0.0457516349852085,0.0103237088769674,-0.0268763322383165,0.0141414143145084,0.309414237737656,-0.0814814791083336,-0.0169246643781662,0.422630041837692,0.102019071578979,2.5787045955658,95.5555572509766,0,240,"shadow"
"16",1.44444441795349,0.0457516349852085,0.267756402492523,-0.506205081939697,0.0888888910412788,0.294876009225845,-0.0814814791083336,-0.10196078568697,0.220442280173302,0.393254697322845,0.677985310554504,82.2222213745117,0,455,"shadow"
"17",1.55555558204651,0.0430838987231255,0.33832374215126,-0.425282567739487,0.0444444455206394,0.662029922008514,-0.0962962955236435,-0.0509803928434849,0.611684143543243,0.88604998588562,1.02209615707397,82.2222213745117,0,430,"shadow"
"18",9.77777767181396,0.00602928502485156,0.0238285232335329,5.93065690994263,-0.0119144106283784,0.0302961803972721,0.00444444455206394,0.0024870689958334,0.0137431211769581,0.0367797240614891,0.889948666095734,120.555557250977,-82.5,260.887908935547,"tree"
"19",9.33333301544189,0.00628930795937777,0.0415336303412914,18.9694519042969,-0.0366653390228748,0.048366017639637,0.00444444455206394,0.00761850504204631,0.0149245224893093,0.117854915559292,1.71304762363434,120.555557250977,-247.5,350.017852783203,"tree"
"20",8.88888931274414,0.00782472640275955,0.0355014987289906,20.3727149963379,-0.0380843915045261,0.0393829420208931,0.00336700328625739,0.00718662654981017,0.00816291384398937,0.149327605962753,1.35602724552155,138.888885498047,-247.5,260.887908935547,"tree"
"21",1.55555558204651,0.0457516349852085,0.145560771226883,1.57251989841461,-0.229059830307961,0.233331769704819,-0.0718954280018806,0.325602769851685,0.326354026794434,0.131800532341003,1.39937138557434,95.5555572509766,120,268.328155517578,"shadow"
"22",1.55555558204651,0.0430838987231255,0.0515447519719601,0.923063278198242,-0.128671333193779,0.458219289779663,-0.0962962955236435,0.172961816191673,0.618683218955994,0.193776935338974,2.9601948261261,95.5555572509766,60,305.941162109375,"shadow"
"23",1.55555558204651,0.0430838987231255,0.219117507338524,0.173449501395226,-0.0291172601282597,0.239327251911163,-0.0962962955236435,0.0597004033625126,0.179113268852234,0.346650242805481,1.01790452003479,82.2222213745117,107.5,363.747863769531,"shadow"
"24",1.55555558204651,0.0430838987231255,0.353985816240311,-0.548281490802765,0.0336498431861401,0.686648786067963,-0.0962962955236435,0.013969206251204,0.641531407833099,0.7950639128685,1.17216670513153,82.2222213745117,215,480.754608154297,"shadow"
"25",9.33333301544189,0.00628930795937777,0.0187270380556583,19.1771545410156,-0.0165984202176332,0.0174046382308006,0.00444444455206394,-0.00442838482558727,0.00971327163279057,0.0768061652779579,1.72715938091278,120.555557250977,-82.5,116.672622680664,"tree"
"26",9.33333301544189,0.00628930795937777,0.0345763862133026,26.3641052246094,-0.035620741546154,0.0371046736836433,0.00444444455206394,0.00423115398734808,0.00576366297900677,0.125779077410698,2.19215416908264,120.555557250977,-247.5,260.887908935547,"tree"
"27",8.88888931274414,0.00800512358546257,0.0406647026538849,17.7137260437012,-0.0401242226362228,0.0474139153957367,0.00336700328625739,0.0152296870946884,0.0153912585228682,0.135044857859612,1.92172718048096,120.555557250977,-330,368.951202392578,"tree"
"28",9.66666698455811,0.00596760446205735,0.0154529539868236,16.7844886779785,-0.00754204438999295,0.00995875243097544,0.00429711490869522,-0.00868318509310484,0.0114455902948976,0.113237224519253,1.69610154628754,120.555557250977,0,0,"tree"
"29",10.8888893127441,0.00546448072418571,0.0124128693714738,15.8920946121216,-0.00723173143342137,0.0079977922141552,0.00383141753263772,-0.0083256708458066,0.00920025166124105,0.0720793679356575,1.68952894210815,120.555557250977,0,0,"tree"
"30",8.88888931274414,0.00556881446391344,0.0295077748596668,10.6467933654785,-0.0130200916901231,0.0255142822861671,0.00471380492672324,0.000538352294825017,0.00982423685491085,0.103079341351986,2.71121287345886,120.555557250977,-82.5,116.672622680664,"tree"
"31",8.33333301544189,0.00829187408089638,0.0142332809045911,8.56045341491699,-0.00702567864209414,0.0110697532072663,0.00358422938734293,-0.00417890725657344,0.00659791612997651,0.0580362342298031,1.19431900978088,138.888885498047,0,0,"tree"
"32",9.11111068725586,0.00859993137419224,0.0135245118290186,8.21934127807617,-0.00622045947238803,0.0105117401108146,0.00372856087051332,-0.00367263914085925,0.00629198737442493,0.0626611113548279,1.01093900203705,138.888885498047,0,0,"tree"
"33",8.22222232818604,0.00710429111495614,0.0407920777797699,-2.58717942237854,0.00593776581808925,0.0315976701676846,0.00394011009484529,0.00378039269708097,0.0193383190780878,0.133057966828346,2.79938340187073,138.888885498047,0,0,"tree"
"34",12.8888893127441,0.0046168053522706,0.0421114228665829,57.5266952514648,-0.0072023319080472,0.0119737703353167,0.00840336177498102,-0.0452131740748882,0.0647193118929863,0.169148594141006,6.15792512893677,172.777770996094,35,125,"stone"
"35",13.222222328186,0.00474254740402102,0.022711131721735,58.8730163574219,-0.000651365087833256,0.00544682890176773,0.00636942684650421,-0.0467420220375061,0.0493213459849358,0.0554138571023941,4.74065113067627,172.777770996094,105,116.297035217285,"stone"
"36",16.8888893127441,0.00497512426227331,0.0212172828614712,41.0426712036133,0.00205431086942554,0.0142746120691299,0.00597371580079198,-0.035244032740593,0.0353536158800125,0.111640863120556,3.74759912490845,180.555557250977,105,148.492431640625,"stone"
"37",8.33333301544189,0.00829187408089638,0.021509014070034,12.6128301620483,-0.010657761245966,0.0167364645749331,0.00358422938734293,-0.00633689528331161,0.00994424894452095,0.0763313621282578,1.88488566875458,138.888885498047,0,0,"tree"
"38",7.66666650772095,0.00765228038653731,0.0230324026197195,10.7538871765137,-0.00857178680598736,0.0179004482924938,0.00405514985322952,-0.00506131211295724,0.0107188243418932,0.0882760137319565,1.8087170124054,138.888885498047,0,0,"tree"
"39",7.66666650772095,0.0116225015372038,0.0643615648150444,-1.44092702865601,0.00504524540156126,0.0498250834643841,0.00303582265041769,0.0032996463123709,0.0306178014725447,0.203390941023827,4.356032371521,138.888885498047,0,0,"tree"
"40",0.888888895511627,0.0591016560792923,0.294515311717987,0.4180568754673,-0.0204451344907284,0.331979364156723,-0.0505050495266914,-0.0939754694700241,0.268261611461639,0.312062859535217,1.11361289024353,118.333335876465,-115,302.696228027344,"shadow"
"41",1.11111116409302,0.0396825410425663,0.13682134449482,-0.632056891918182,0.128364384174347,0.277126222848892,-0.0476190485060215,-0.295743137598038,0.407298773527145,0.139832809567451,0.985961318016052,118.333335876465,-27.5,249.023086547852,"shadow"
"42",1,0.0396825410425663,0.102030552923679,-1.48889768123627,0.216567859053612,0.229022115468979,-0.0222222227603197,-0.402716726064682,0.518574774265289,0.090996615588665,1.10661613941193,106.666664123535,20,44.7213592529297,"shadow"
"43",17.1111106872559,0.0046168053522706,0.0289548002183437,-21.1302623748779,0.0138239348307252,0.0139713240787387,0.00653594778850675,0.00180910050403327,0.0488723739981651,0.152825862169266,4.44445419311523,172.777770996094,182.5,184.560287475586,"stone"
"44",14.222222328186,0.00519210798665881,0.0172315575182438,-17.7111225128174,0.0158514827489853,0.0171115659177303,0.0058119660243392,0.00296593294478953,0.0139014078304172,0.0716776475310326,0.93021959066391,180.555557250977,337.5,338.618530273438,"stone"
"45",14.3333330154419,0.00519210798665881,0.0232323594391346,-9.26205062866211,0.0104322163388133,0.014713198877871,0.00673400657251477,0.00788465328514576,0.0187744032591581,0.102102689445019,2.89823698997498,180.555557250977,345,346.770812988281,"stone"
"46",8.44444465637207,0.00819403491914272,0.0141404708847404,-5.37482595443726,0.00489328242838383,0.0110077382996678,0.00353857036679983,0.00291185593232512,0.00652183080092072,0.0320442542433739,1.37312793731689,138.888885498047,0,0,"tree"
"47",8,0.00859993137419224,0.0469165332615376,-18.534273147583,0.020305335521698,0.0363656021654606,0.00372856087051332,0.0123918987810612,0.0221640784293413,0.151036694645882,3.38778567314148,138.888885498047,0,0,"tree"
"48",8,0.00859993137419224,0.0831281840801239,-21.5899791717529,0.028945779427886,0.0642608180642128,0.00372856087051332,0.0180604159832001,0.03986681625247,0.24573977291584,5.34893846511841,138.888885498047,0,0,"tree"
"49",0.888888895511627,0.042735043913126,0.289518475532532,-1.76397836208344,0.177998021245003,0.337607949972153,-0.0555555559694767,-0.352489173412323,0.389690011739731,0.302507907152176,1.21190643310547,118.333335876465,-352.5,498.510284423828,"shadow"
"50",1.22222220897675,0.0396825410425663,0.0504439957439899,-2.72708606719971,0.257181704044342,0.264570116996765,-0.0555555559694767,-0.403769850730896,0.419043213129044,0.171883478760719,1.04230427742004,118.333335876465,-240,241.298568725586,"shadow"
"51",1,0.0396825410425663,0.203821465373039,-3.29720020294189,0.343151301145554,0.353244513273239,-0.0555555559694767,-0.427777767181396,0.56147438287735,0.211346760392189,1.43217706680298,118.333335876465,27.5,86.9626388549805,"shadow"
"52",11.4444446563721,0.0046168053522706,0.0356053486466408,-54.2995262145996,0.0210851337760687,0.0211133509874344,0.00580973131582141,0.0209135245531797,0.0452190339565277,0.166850060224533,5.0181097984314,180.555557250977,105,148.492431640625,"stone"
"53",16.8888893127441,0.00580720091238618,0.0312020480632782,-64.0494537353516,0.0159452985972166,0.0159467794001102,0.00580973131582141,0.031652357429266,0.0333272442221642,0.128205105662346,4.69583892822266,180.555557250977,35,49.4974746704102,"stone"
"54",12.777777671814,0.00519210798665881,0.0279205720871687,-51.1193466186523,0.0107823181897402,0.0123493270948529,0.00592592591419816,0.0289060212671757,0.0330687463283539,0.124091863632202,4.25439071655273,180.555557250977,0,0,"stone"
"55",1.22222220897675,0.042735043913126,0.274725705385208,-1.36037826538086,0.217198386788368,0.370699286460876,-0.0555555559694767,-0.387667894363403,0.447696059942245,0.275538116693497,1.26228857040405,94.4444427490234,-127.5,407.936889648438,"shadow"
"56",1.22222220897675,0.0512820519506931,0.0576732456684113,-1.19313991069794,0.150856390595436,0.155026316642761,-0.0555555559694767,-0.258852273225784,0.290505945682526,0.0787019655108452,0.852435350418091,94.4444427490234,-150,212.132034301758,"shadow"
"57",0.888888895511627,0.042735043913126,0.196028023958206,-1.4284280538559,0.196350812911987,0.197497561573982,-0.0555555559694767,-0.355250298976898,0.419710546731949,0.146143049001694,1.1174647808075,94.4444427490234,-162.5,267.511688232422,"shadow"
"58",10.4444446563721,0.00786627363413572,0.0112060150131583,5.05309915542603,0.0106214424595237,0.018231799826026,0.00952380988746881,-0.0231112632900476,0.0243896637111902,0.0171893574297428,0.821932375431061,193.888885498047,105,148.492431640625,"grass"
"59",10.5555553436279,0.00808080844581127,0.00896685291081667,9.78198909759521,0.0004597868246492,0.0054299202747643,0.0104166669771075,-0.0179601646959782,0.0180558357387781,0.0265614371746778,0.913894474506378,193.888885498047,35,49.4974746704102,"grass"
"60",10.3333330154419,0.00808080844581127,0.0103010563179851,10.4821281433105,-0.00415293918922544,0.00415297504514456,0.00980392191559076,-0.0135197397321463,0.0135198878124356,0.0299309957772493,0.926525115966797,193.888885498047,0,0,"grass"
"61",10.8888893127441,0.00772946840152144,0.00460287509486079,4.8130087852478,0.00247581582516432,0.0056016412563622,0.00952380988746881,-0.0104942806065083,0.0107392026111484,0.0235858764499426,0.470207452774048,193.888885498047,35,49.4974746704102,"grass"
"62",10.5555553436279,0.00793650839477777,0.00502403685823083,5.44520092010498,-0.00192921003326774,0.00203174166381359,0.00980392191559076,-0.00622338335961103,0.00655344594269991,0.0203971136361361,0.454036355018616,193.888885498047,0,0,"grass"
"63",10.3333330154419,0.00808080844581127,0.00427981978282332,4.47775936126709,-0.00168658758047968,0.00173014926258475,0.00980392191559076,-0.00544632924720645,0.00558670423924923,0.00956447143107653,0.423749595880508,193.888885498047,0,0,"grass"
"64",10.6666669845581,0.00786627363413572,0.00158358423504978,0.617621600627899,-0.000125684528029524,0.000640974089037627,0.00952380988746881,-0.00040431268280372,0.00206202571280301,0.0164949931204319,0.273555308580399,193.888885498047,0,0,"grass"
"65",10.6666669845581,0.00786627363413572,0.00138644478283823,0.766740798950195,-0.000253526726737618,0.000561217486392707,0.00961538497358561,-0.000816400570329279,0.00180508301127702,0.00703063234686852,0.114785298705101,193.888885498047,0,0,"grass"
"66",10.5555553436279,0.00793650839477777,0.00250658462755382,2.79785537719727,-0.00101421715226024,0.00101422634907067,0.00961538497358561,-0.00326604675501585,0.00326608377508819,0.0071207107976079,0.241975858807564,193.888885498047,0,0,"grass"
"67",0.666666686534882,0.0598290599882603,0.432465583086014,-2.82116985321045,0.277824729681015,0.646996736526489,0,-0.428571432828903,0.612862884998322,0.406101137399673,3.71427655220032,116.111114501953,-102.5,244.974487304688,"tree_in_shadow"
"68",0.666666686534882,0.0598290599882603,0.271259874105453,-2.44816780090332,0.318326056003571,0.349301338195801,-0.0370370373129845,-0.4375,0.454198271036148,0.187163397669792,1.14160478115082,102.777778625488,-37.5,53.0330085754395,"tree_in_shadow"
"69",1,0.0462962947785854,0.119988262653351,-1.75306725502014,0.199657440185547,0.199746280908585,-0.0370370373129845,-0.283424913883209,0.322313129901886,0.0905917063355446,1.03606736660004,106.666664123535,-37.5,53.0330085754395,"tree_in_shadow"
"70",0.444444447755814,0.0752688199281693,0.399128466844559,-2.26033616065979,0.269239872694016,0.667849957942963,0,-0.416666656732559,0.730486929416656,0.380691438913345,3.13363695144653,102.777778625488,22.5,218.660690307617,"tree_in_shadow"
"71",0.666666686534882,0.0598290599882603,0.3684421479702,0.439230799674988,0.0427613146603107,0.359200656414032,-0.0370370373129845,-0.266666680574417,0.322265237569809,0.236721232533455,0.178153201937675,106.666664123535,-37.5,53.0330085754395,"tree_in_shadow"
"72",0.666666686534882,0.0598290599882603,0.313578844070435,1.99806118011475,-0.194235593080521,0.244669705629349,-0.0370370373129845,-0.00416666688397527,0.0400980226695538,0.21340423822403,0.337058126926422,100,-180,254.558441162109,"tree_in_shadow"
"73",0.888888895511627,0.0505050495266914,0.197742834687233,-1.27363801002502,0.0569597072899342,0.469578295946121,-0.0370370373129845,-0.128571435809135,0.646252036094666,0.257255047559738,2.21152257919312,106.666664123535,22.5,278.410675048828,"tree_in_shadow"
"74",0.888888895511627,0.0505050495266914,0.517037570476532,0.768924295902252,-0.081060603260994,0.581757307052612,-0.0370370373129845,-0.0297619048506021,0.464050620794296,0.364055812358856,0.392726272344589,100,-42.5,110.961708068848,"tree_in_shadow"
"75",1.22222220897675,0.0505050495266914,0.268871366977692,0.846451044082642,-0.0896103903651237,0.196512475609779,-0.0370370373129845,-0.00892857182770967,0.0397073328495026,0.174827203154564,0.515853106975555,100,-137.5,378.368194580078,"tree_in_shadow"
"76",0.444444447755814,0.0514905154705048,0.48981449007988,-6.24960517883301,0.373584598302841,0.44403600692749,0.0123456791043282,0.149434164166451,0.165845662355423,0.328788310289383,1.58608746528625,101.666664123535,0,0,"tree_in_shadow"
"77",0.444444447755814,0.0570570565760136,0.288685470819473,-1.55973339080811,0.132625684142113,0.290929973125458,0.0101010100916028,-0.0377811715006828,0.063556395471096,0.139673799276352,0.508342146873474,101.666664123535,65,91.9238815307617,"tree_in_shadow"
"78",0.444444447755814,0.0718954280018806,0.326106548309326,-0.0528770834207535,0.0472553931176662,0.326986610889435,0,-0.489898979663849,0.49771848320961,0.0984573811292648,0.34957629442215,101.666664123535,87.5,314.900787353516,"tree_in_shadow"
"79",0.333333343267441,0.0398322865366936,0.146196588873863,1.87615144252777,-0.100585944950581,0.128070816397667,0.0123456791043282,-0.0845451429486275,0.0903694704174995,0.111429624259472,0.349587470293045,101.666664123535,65,91.9238815307617,"tree_in_shadow"
"80",0.444444447755814,0.0488888882100582,0.21818046271801,2.58079838752747,-0.12600913643837,0.198433503508568,0,-0.198582470417023,0.246651962399483,0.133206158876419,0.527668237686157,101.666664123535,195,275.771636962891,"tree_in_shadow"
"81",0.333333343267441,0.0488888882100582,0.341068089008331,2.8698308467865,-0.209783285856247,0.334127575159073,0,-0.198412701487541,0.259124249219894,0.155480772256851,0.758459150791168,116.111114501953,195,275.771636962891,"tree_in_shadow"
"82",0.333333343267441,0.0639730617403984,0.524497509002686,9.25309085845947,-0.434622764587402,0.453672826290131,0,-0.252599895000458,0.268810868263245,0.375557988882065,1.80341112613678,101.666664123535,195,275.771636962891,"tree_in_shadow"
"83",0.444444447755814,0.0488888882100582,0.435421168804169,7.0449595451355,-0.359968245029449,0.390631973743439,0,-0.182539686560631,0.224246174097061,0.298532366752625,1.41168904304504,116.111114501953,195,275.771636962891,"tree_in_shadow"
"84",0.777777791023254,0.0488888882100582,0.466791570186615,6.43245029449463,-0.440394163131714,0.451044976711273,0,-0.0555555559694767,0.0785674229264259,0.265364140272141,1.50911498069763,116.111114501953,65,91.9238815307617,"tree_in_shadow"
"85",1.44444441795349,0.0396825410425663,0.152084231376648,-1.09641337394714,0.0713869482278824,0.136426508426666,-0.0493827164173126,-0.0722222253680229,0.0726184621453285,0.334470957517624,0.282464593648911,94.4444427490234,0,240,"shadow"
"86",1.44444441795349,0.0396825410425663,0.075113907456398,-1.35081672668457,0.101981349289417,0.144223406910896,-0.0493827164173126,-0.105555556714535,0.149278104305267,0.242270320653915,0.248402863740921,94.4444427490234,0,0,"shadow"
"87",1.44444441795349,0.042735043913126,0.0832401961088181,-1.608114361763,0.13787879049778,0.161894485354424,-0.0493827164173126,-0.146825402975082,0.172881111502647,0.231440171599388,0.402568459510803,94.4444427490234,0,0,"shadow"
"88",1.44444441795349,0.0396825410425663,0.204009905457497,-2.00644326210022,0.219405591487885,0.266141951084137,-0.0493827164173126,-0.224946051836014,0.230639606714249,0.356801569461823,0.444984704256058,94.4444427490234,260,353.836120605469,"shadow"
"89",1.44444441795349,0.042735043913126,0.125483721494675,-1.85736882686615,0.217424243688583,0.237760543823242,-0.0493827164173126,-0.233753502368927,0.25598418712616,0.2718386054039,0.538254261016846,94.4444427490234,195,205.548049926758,"shadow"
"90",1.33333337306976,0.042735043913126,0.0941238403320312,-1.53637981414795,0.167424246668816,0.184079989790916,-0.0555555559694767,-0.184920638799667,0.203487485647202,0.235863327980042,0.589854121208191,94.4444427490234,65,91.9238815307617,"shadow"
"91",1.33333337306976,0.0482180304825306,0.212119564414024,-2.22646975517273,0.253496497869492,0.289519160985947,-0.0666666701436043,-0.267756521701813,0.273208200931549,0.306983858346939,0.62334668636322,108.888885498047,260,353.836120605469,"shadow"
"92",1.33333337306976,0.0482180304825306,0.137575134634972,-1.76912152767181,0.244696974754333,0.262932270765305,-0.0666666701436043,-0.273931622505188,0.297460198402405,0.278509676456451,0.598525524139404,108.888885498047,260,290.688842773438,"shadow"
"93",1.33333337306976,0.0462962947785854,0.128701791167259,-1.66044354438782,0.247979804873466,0.249763682484627,-0.0634920671582222,-0.289926737546921,0.292738527059555,0.233006805181503,0.846342980861664,94.4444427490234,195,275.771636962891,"shadow"
"94",11.6666669845581,0.00788821280002594,0.00929732993245125,-0.0661578699946404,0.0114502655342221,0.0123610040172935,0.00824842322617769,-0.00703841727226973,0.00704845320433378,0.00746506126597524,0.160343557596207,208.33332824707,195,205.548049926758,"grass"
"95",11.777777671814,0.00788821280002594,0.0115135759115219,0.848495721817017,0.0110831363126636,0.0161383654922247,0.00824842322617769,-0.00808128248900175,0.0100852223113179,0.0130989495664835,0.131368279457092,193.888885498047,195,275.771636962891,"grass"
"96",11.777777671814,0.00788821280002594,0.00924879871308804,1.89714777469635,0.00315686804242432,0.0122807836160064,0.00869565177708864,-0.00443350244313478,0.00723089184612036,0.0299360174685717,0.23010565340519,193.888885498047,65,205.548049926758,"grass"
"97",11.777777671814,0.00788821280002594,0.00361933815293014,-0.895641267299652,0.000306123285554349,0.00173743220511824,0.00824842322617769,0.000725117221008986,0.00408417265862226,0.0146996816620231,0.335126131772995,208.33332824707,0,0,"grass"
"98",11.777777671814,0.00788821280002594,0.0110478354617953,-0.415888965129852,7.79838519520126e-05,0.0152727914974093,0.00824842322617769,0.000359213619958609,0.00902729295194149,0.0112343057990074,0.0460315234959126,208.33332824707,0,260,"grass"
"99",11.777777671814,0.00722673907876015,0.0122401621192694,-1.815309882164,0.000537443265784532,0.0158022288233042,0.00824842322617769,0.00169849290978163,0.00789759680628777,0.0313258059322834,0.137391492724419,193.888885498047,0,260,"grass"
"100",11.8888893127441,0.00815280713140965,0.00770536437630653,-6.89426183700562,0.00274551915936172,0.00369684235192835,0.00824842322617769,0.00646314909681678,0.00870611146092415,0.031244371086359,0.681644260883331,208.33332824707,0,0,"grass"
"101",11.777777671814,0.00788821280002594,0.0117117650806904,-6.19889211654663,0.00229657557792962,0.0153569839894772,0.00824842322617769,0.00576237635686994,0.0113403294235468,0.0254140794277191,0.451255410909653,208.33332824707,0,260,"grass"
"102",11.777777671814,0.00722673907876015,0.0131555432453752,-5.08817481994629,0.00167939811944962,0.0161267891526222,0.00869565177708864,0.00485642021521926,0.00885047763586044,0.0364392809569836,0.363724231719971,193.888885498047,0,260,"grass"
"103",12.6666669845581,0.00678541138768196,0.00467466237023473,-3.72232413291931,0.00114574877079576,0.00191137380897999,0.00813008099794388,0.00357628893107176,0.00596661400049925,0.0187527481466532,0.598542630672455,193.888885498047,0,0,"grass"
"104",12.222222328186,0.00689061172306538,0.00545267108827829,-4.77341985702515,0.00147449027281255,0.00222734455019236,0.00840336177498102,0.00461622234433889,0.00697276787832379,0.0153727252036333,0.703380823135376,193.888885498047,0,0,"grass"
"105",12.222222328186,0.00689061172306538,0.00214459979906678,-4.152907371521,-0.00230279471725225,0.00419662706553936,0.00840336177498102,0.00890423264354467,0.0102720027789474,0.0111057944595814,0.560465633869171,193.888885498047,-35,49.4974746704102,"grass"
"106",12.6666669845581,0.00643500639125705,0.00752815697342157,0.94794625043869,-0.0144155723974109,0.0145159903913736,0.00813008099794388,0.0179457869380713,0.0189013909548521,0.0425700210034847,0.578298211097717,193.888885498047,-140,140,"grass"
"107",12.4444446563721,0.00699912523850799,0.00725927017629147,-0.457788050174713,-0.0143313333392143,0.0144577622413635,0.00840336177498102,0.0197148229926825,0.0208798330277205,0.0389974154531956,0.717049300670624,193.888885498047,-140,140,"grass"
"108",12.1111106872559,0.00699912523850799,0.00553689803928137,-1.57931172847748,-0.0142400404438376,0.0160631593316793,0.00933706853538752,0.0210258755832911,0.0228984840214252,0.0312129128724337,0.491237789392471,193.888885498047,-140,156.524765014648,"grass"
"109",12.4444446563721,0.00689061172306538,0.00430454919114709,-1.47767126560211,-0.0105957193300128,0.0108523722738028,0.00819672085344791,0.0150203565135598,0.0180981066077948,0.0134399626404047,0.522303938865662,186.111114501953,-105,110.679718017578,"grass"
"110",12,0.00658761523663998,0.0083299558609724,0.476421236991882,-0.0148970754817128,0.0149985095486045,0.00910746771842241,0.0181704349815845,0.0197089407593012,0.0238379146903753,0.623537540435791,186.111114501953,-140,140,"grass"
"111",12,0.00664010643959045,0.00532033387571573,0.758274853229523,-0.0113786077126861,0.0119517128914595,0.009416195563972,0.0134608382359147,0.0143296858295798,0.0136140454560518,0.0814107656478882,186.111114501953,-105,110.679718017578,"grass"
"112",9.33333301544189,0.00602079927921295,0.0223275683820248,25.2022361755371,-0.0141455829143524,0.0174291059374809,0.00444444455206394,-0.0120552340522408,0.0120553802698851,0.0959081649780273,2.92073774337769,120.555557250977,60,134.164077758789,"tree"
"113",9.33333301544189,0.00682805711403489,0.0321740992367268,24.4884281158447,-0.014219188131392,0.0184210110455751,0.00462962966412306,-0.0160477012395859,0.0298426914960146,0.101110771298409,3.03445172309875,127.222221374512,30,94.8683319091797,"tree"
"114",7.77777767181396,0.00768693210557103,0.041485358029604,25.8182926177979,-0.0191325321793556,0.0251063499599695,0.00600600615143776,-0.0265987534075975,0.0348938889801502,0.126125141978264,3.5232515335083,127.222221374512,0,0,"tree"
"115",10.8888893127441,0.00568475434556603,0.0220987908542156,31.8109397888184,-0.0156014394015074,0.0171126686036587,0.00435729837045074,-0.0112850740551949,0.0112857334315777,0.0946136265993118,3.24045085906982,127.222221374512,90,127.279220581055,"tree"
"116",9.33333301544189,0.00602079927921295,0.0279069356620312,24.5964641571045,-0.0124957878142595,0.0170447453856468,0.00440044002607465,-0.0137424916028976,0.023069404065609,0.0935352146625519,3.21605753898621,127.222221374512,30,42.4264068603516,"tree"
"117",7.77777767181396,0.00768693210557103,0.0285146664828062,24.5779914855957,-0.0146928001195192,0.0173700693994761,0.00600600615143776,-0.019913163036108,0.0235084947198629,0.0774960517883301,3.06911730766296,127.222221374512,0,0,"tree"
"118",10.8888893127441,0.00568475434556603,0.0113016711547971,18.524356842041,-0.00779020925983787,0.00779587728902698,0.00400400394573808,-0.00725225964561105,0.00769888609647751,0.0436349399387836,1.70411932468414,127.222221374512,30,42.4264068603516,"tree"
"119",12.1111106872559,0.00620417390018702,0.0206240862607956,8.41693878173828,-0.00366557203233242,0.0126319769769907,0.00444444455206394,-0.00485178269445896,0.0167294144630432,0.0853254273533821,2.56337952613831,127.222221374512,0,0,"tree"
"120",10.222222328186,0.00602079927921295,0.0118952365592122,8.68239307403564,-0.00466009834781289,0.00726787932217121,0.00462962966412306,-0.0062608877196908,0.00971912778913975,0.0518852546811104,1.3157069683075,127.222221374512,0,0,"tree"
"121",1.77777779102325,0.0370370373129845,0.0218579228967428,0.57171231508255,-0.060606062412262,0.060606062412262,-0.0760233923792839,0.0651629045605659,0.0651629045605659,0.0867805555462837,0.6893630027771,82.2222213745117,0,0,"tree_in_shadow"
"122",1.77777779102325,0.0370370373129845,0.0154558857902884,0.285856157541275,-0.030303031206131,0.0428549572825432,-0.0760233923792839,0.032581452280283,0.0460771322250366,0.0477906949818134,0.734213769435883,82.2222213745117,0,0,"tree_in_shadow"
"123",1.77777779102325,0.0370370373129845,0.0345604121685028,0.30529049038887,-0.030303031206131,0.0958265960216522,-0.0760233923792839,0.032581452280283,0.103031605482101,0.105409257113934,0.170340061187744,82.2222213745117,0,0,"tree_in_shadow"
"124",1.77777779102325,0.0370370373129845,0.174863383173943,1.12087798118591,-0.150197625160217,0.150197625160217,-0.0760233923792839,0.0640732273459435,0.0640732273459435,0.123961605131626,0.744650661945343,82.2222213745117,-430,430,"tree_in_shadow"
"125",1.77777779102325,0.0370370373129845,0.17622421681881,1.15525615215302,-0.150197625160217,0.161964267492294,-0.0760233923792839,0.0640732273459435,0.0913869962096214,0.112354159355164,0.845366418361664,82.2222213745117,-430,430,"tree_in_shadow"
"126",1.77777779102325,0.0370370373129845,0.167180970311165,0.892635762691498,-0.119894601404667,0.150463208556175,-0.0760233923792839,0.0314917713403702,0.10269221663475,0.141911551356316,0.24243351817131,82.2222213745117,-430,430,"tree_in_shadow"
"127",2.11111116409302,0.0273224040865898,0.153005465865135,0.549165725708008,-0.0895915701985359,0.0895915701985359,-0.0724637657403946,-0.00108968070708215,0.00108968070708215,0.0892174690961838,0.693405628204346,58.3333320617676,-430,430,"tree_in_shadow"
"128",2.11111116409302,0.0273224040865898,0.164298325777054,0.869400024414062,-0.119894601404667,0.123664826154709,-0.0724637657403946,0.0314917713403702,0.0453131645917892,0.10015419870615,0.773493230342865,58.3333320617676,-430,430,"tree_in_shadow"
"129",2.11111116409302,0.0273224040865898,0.172495037317276,1.22497284412384,-0.145981550216675,0.156494230031967,-0.0724637657403946,0.0575787276029587,0.0822027549147606,0.15500895678997,0.279100924730301,58.3333320617676,-430,430,"tree_in_shadow"
"130",1.66666662693024,0.0395480208098888,0.0578828081488609,1.38707792758942,-0.121212124824524,0.13551926612854,-0.0643274858593941,0.136222913861275,0.152301847934723,0.211781829595566,0.253718614578247,95.5555572509766,0,0,"shadow"
"131",1.66666662693024,0.0395480208098888,0.0578828081488609,1.33869612216949,-0.121212124824524,0.13551926612854,-0.0643274858593941,0.136222913861275,0.152301847934723,0.203227400779724,0.185874104499817,95.5555572509766,0,0,"shadow"
"132",1.66666662693024,0.0395480208098888,0.0363764390349388,0.422207802534103,-0.030303031206131,0.0428549572825432,-0.0643274858593941,0.01400560233742,0.0558891780674458,0.0871825739741325,0.240075901150703,95.5555572509766,-60,84.8528137207031,"shadow"
"133",1.66666662693024,0.0395480208098888,0.0183041505515575,0.422207802534103,-0.030303031206131,0.0428549572825432,-0.0643274858593941,0.0340557284653187,0.0481620728969574,0.108183600008488,0.337101697921753,95.5555572509766,0,0,"shadow"
"134",11.4444446563721,0.00699912523850799,0.0195226650685072,10.9311513900757,-0.0191564969718456,0.0201377365738153,0.00862506311386824,-0.000700782460626215,0.00886156130582094,0.0417353361845016,0.836379408836365,208.33332824707,-260,290.688842773438,"grass"
"135",11.222222328186,0.00795273762196302,0.0200242977589369,12.0521421432495,-0.0193398278206587,0.0193401053547859,0.00862506311386824,-0.00163137086201459,0.00166361383162439,0.0449789874255657,0.838410496711731,208.33332824707,-260,260,"grass"
"136",11.4444446563721,0.00705467350780964,0.0208669640123844,13.0850687026978,-0.0196840800344944,0.0197214931249619,0.00840336177498102,-0.00236481870524585,0.00383578171022236,0.0570252723991871,0.913734138011932,208.33332824707,-260,260,"grass"
"137",11.777777671814,0.00716845877468586,0.0116834444925189,4.86909198760986,-0.012903599999845,0.0130937360227108,0.00854700896888971,0.00266589177772403,0.0078398073092103,0.0254488419741392,0.514827251434326,193.888885498047,-195,205.548049926758,"grass"
"138",11.8888893127441,0.00716845877468586,0.0145692210644484,5.28574228286743,-0.0168099626898766,0.0168112386018038,0.00862068962305784,0.00473171751946211,0.00477641215547919,0.0272886175662279,0.317463427782059,193.888885498047,-260,260,"grass"
"139",12.1111106872559,0.00705467350780964,0.0145653169602156,4.9393949508667,-0.0167756620794535,0.0168059077113867,0.00847457628697157,0.00506668537855148,0.00586168002337217,0.0284873005002737,0.519716322422028,193.888885498047,-260,260,"grass"
"140",2.33333325386047,0.0281923711299896,2.77555756156289e-17,0.0362494103610516,5.55111512312578e-17,5.55111512312578e-17,-0.0755555555224419,-5.55111512312578e-17,5.55111512312578e-17,0.144582122564316,0.491521060466766,66.1111145019531,0,0,"tree_in_shadow"
"141",2.33333325386047,0.0281923711299896,2.77555756156289e-17,0,5.55111512312578e-17,5.55111512312578e-17,-0.0755555555224419,-5.55111512312578e-17,5.55111512312578e-17,0,0,66.1111145019531,0,0,"tree_in_shadow"
"142",2.33333325386047,0.0281923711299896,0.0368744507431984,0,5.55111512312578e-17,5.55111512312578e-17,-0.0755555555224419,0,0.0246153846383095,0,0,66.1111145019531,0,120,"tree_in_shadow"
"143",11.8888893127441,0.00716845877468586,0.00326245767064393,-1.26501977443695,0.000412517401855439,0.0013294949894771,0.00862068962305784,0.00129785796161741,0.00419156579300761,0.0139365140348673,0.346665650606155,193.888885498047,0,0,"grass"
"144",11.8888893127441,0.00716845877468586,0.00283627002499998,-3.84449577331543,0.0011505784932524,0.00115599390119314,0.00862068962305784,0.00362561084330082,0.00364291365258396,0.0115010999143124,0.327306628227234,193.888885498047,0,0,"grass"
"145",11.8888893127441,0.00716845877468586,0.00483299558982253,-5.64417266845703,0.00158946262672544,0.00196899520233274,0.00847457628697157,0.00501562980934978,0.0062125762924552,0.0255511961877346,0.552965581417084,193.888885498047,0,0,"grass"
"146",2.33333325386047,0.0281923711299896,2.77555756156289e-17,0.0362494103610516,5.55111512312578e-17,5.55111512312578e-17,-0.0755555555224419,-5.55111512312578e-17,5.55111512312578e-17,0.108603477478027,0.357753187417984,66.1111145019531,0,0,"tree_in_shadow"
"147",2.33333325386047,0.0281923711299896,2.77555756156289e-17,0,5.55111512312578e-17,5.55111512312578e-17,-0.0755555555224419,-5.55111512312578e-17,5.55111512312578e-17,0,0,66.1111145019531,0,0,"tree_in_shadow"
"148",2.33333325386047,0.0281923711299896,0.0368744507431984,-0.0403554253280163,5.55111512312578e-17,5.55111512312578e-17,-0.0755555555224419,0,0.0246153846383095,0.0314269661903381,0.100231990218163,66.1111145019531,0,120,"tree_in_shadow"
"149",2.33333325386047,0.0281923711299896,2.77555756156289e-17,0,5.55111512312578e-17,5.55111512312578e-17,-0.0755555555224419,-5.55111512312578e-17,5.55111512312578e-17,0.0888888910412788,0.283498883247375,66.1111145019531,0,0,"tree_in_shadow"
"150",2.33333325386047,0.0281923711299896,2.77555756156289e-17,0,5.55111512312578e-17,5.55111512312578e-17,-0.0755555555224419,-5.55111512312578e-17,5.55111512312578e-17,0,0,66.1111145019531,0,0,"tree_in_shadow"
"151",2.33333325386047,0.0281923711299896,0.0368744507431984,-0.0403554253280163,5.55111512312578e-17,5.55111512312578e-17,-0.0755555555224419,0,0.0246153846383095,0.0702728405594826,0.224125549197197,66.1111145019531,0,120,"tree_in_shadow"
"152",14.1111106872559,0.00512820528820157,0.0244405753910542,39.5099906921387,-0.00585767766460776,0.00763077521696687,0.00677506765350699,-0.0278135165572166,0.0361029542982578,0.119129039347172,3.74338984489441,186.111114501953,0,0,"stone"
"153",15.777777671814,0.00477554928511381,0.0193661265075207,42.0066413879395,-0.00596051709726453,0.00604834361001849,0.00677506765350699,-0.0281841736286879,0.0285915527492762,0.0960220843553543,2.98775959014893,186.111114501953,0,0,"stone"
"154",17.1111106872559,0.00638569612056017,0.0202015824615955,32.3846626281738,-0.0047222413122654,0.00631030695512891,0.00841750856488943,-0.022410286590457,0.0298179071396589,0.0910136178135872,3.21409893035889,186.111114501953,0,0,"stone"
"155",17.1111106872559,0.00601684721186757,0.0173114985227585,-15.8187980651855,0.00214023282751441,0.00541801005601883,0.00805152952671051,0.0100425453856587,0.0254707038402557,0.0765326619148254,2.8862361907959,186.111114501953,0,0,"stone"
"156",15.5555553436279,0.00469483574852347,0.0114040542393923,-28.0805168151855,0.00355722242966294,0.00357684004120529,0.00730994157493114,0.0166240613907576,0.0167202446609735,0.0421519987285137,2.11643528938293,186.111114501953,0,0,"stone"
"157",17.4444446563721,0.00477554928511381,0.0240834001451731,-36.4440765380859,0.00508456584066153,0.00752717209979892,0.00925925932824612,0.0239784736186266,0.0355145186185837,0.0666322857141495,4.1338963508606,186.111114501953,0,0,"stone"
"158",15,0.00546448072418571,0.0179768297821283,-24.8169822692871,0.00354712340049446,0.00561230955645442,0.00766283506527543,0.0167440418154001,0.0265567637979984,0.0709986537694931,2.85620021820068,186.111114501953,0,0,"stone"
"159",15,0.00546448072418571,0.00890147034078836,-26.108528137207,0.000181244235136546,0.00221035652793944,0.00811029970645905,0.0184897743165493,0.019887438043952,0.0399552918970585,2.0612804889679,186.111114501953,-65,91.9238815307617,"stone"
"160",14.1111106872559,0.00527240755036473,0.0190588720142841,-25.4096851348877,-0.00670887716114521,0.00725613860413432,0.00677506765350699,0.0243860948830843,0.0417723953723907,0.0752622038125992,3.76191210746765,186.111114501953,-195,205.548049926758,"stone"
"161",1.77777779102325,0.0370370373129845,0.0510943718254566,0.567996740341187,-0.0666666701436043,0.143675997853279,-0.0760233923792839,0.0728291347622871,0.156031683087349,0.169071197509766,0.109337940812111,82.2222213745117,0,0,"shadow"
"162",1.77777779102325,0.0370370373129845,0.0533665493130684,0.778454840183258,-0.109090909361839,0.154277846217155,-0.0760233923792839,0.120743036270142,0.170756429433823,0.138975664973259,0.246277049183846,82.2222213745117,0,0,"shadow"
"163",1.66666662693024,0.0398322865366936,0.0740597024559975,0.986788153648376,-0.153535351157188,0.217131778597832,-0.0849673226475716,0.171723425388336,0.242853596806526,0.162152409553528,0.568669021129608,82.2222213745117,0,0,"shadow"
"164",1.77777779102325,0.0370370373129845,0.0437158457934856,0.0163328759372234,-1.11022302462516e-16,0.121212124824524,-0.0760233923792839,5.55111512312578e-17,0.130325809121132,0.152211710810661,0.0709578692913055,82.2222213745117,0,0,"shadow"
"165",1.77777779102325,0.0370370373129845,0.0251572318375111,0.0326657518744469,3.33066907387547e-16,0.072727270424366,-0.0760233923792839,1.11022302462516e-16,0.0804953575134277,0.0801474303007126,0.116915263235569,82.2222213745117,0,0,"shadow"
"166",1.66666662693024,0.0398322865366936,0.0503144636750221,0.0163328759372234,3.33066907387547e-16,0.145454540848732,-0.0849673226475716,0,0.160990715026855,0.114753663539886,0.400434553623199,82.2222213745117,0,0,"shadow"
"167",1.77777779102325,0.0370370373129845,0.0437158457934856,0.0163328759372234,-1.11022302462516e-16,0.121212124824524,-0.0760233923792839,5.55111512312578e-17,0.130325809121132,0.139723181724548,0.167585834860802,82.2222213745117,0,0,"shadow"
"168",1.77777779102325,0.0370370373129845,0.0397770777344704,-0.220376640558243,0.036363635212183,0.114991918206215,-0.0760233923792839,-0.0402476787567139,0.127274334430695,0.107246145606041,0.254186272621155,82.2222213745117,0,0,"shadow"
"169",1.66666662693024,0.0398322865366936,0.0562532842159271,-0.489751905202866,0.072727270424366,0.16262312233448,-0.0849673226475716,-0.0804953575134277,0.179993093013763,0.135816723108292,0.399573564529419,82.2222213745117,0,0,"shadow"
"170",19.1111106872559,0.00437445333227515,0.0149691235274076,46.0505981445312,-0.00215720501728356,0.00769334798678756,0.00607164530083537,-0.026956245303154,0.0290798898786306,0.077506348490715,3.3203399181366,186.111114501953,65,205.548049926758,"stone"
"171",12.4444446563721,0.00643500639125705,0.0258150082081556,49.1709060668945,-0.00617525214329362,0.00809354241937399,0.00627746386453509,-0.0289324838668108,0.0378769412636757,0.143825858831406,4.37673091888428,186.111114501953,0,0,"stone"
"172",11.6666669845581,0.00535905687138438,0.0489222183823586,45.9559745788574,-0.00741823157295585,0.0141296554356813,0.00627746386453509,-0.0412274822592735,0.0753426253795624,0.167549431324005,6.77530574798584,186.111114501953,-60,84.8528137207031,"stone"
"173",18.5555553436279,0.00437445333227515,0.0115345753729343,-20.1678848266602,0.00497317453846335,0.00497453939169645,0.00610500620678067,0.00889266654849052,0.017176378518343,0.0278128460049629,2.38054132461548,186.111114501953,65,91.9238815307617,"stone"
"174",16.1111106872559,0.00512820528820157,0.0130002032965422,-4.0829029083252,0.000337746925652027,0.00409353151917458,0.00716845877468586,0.00151590106543154,0.0189395155757666,0.111682005226612,2.21246576309204,186.111114501953,0,0,"stone"
"175",16.1111106872559,0.00512820528820157,0.0343079641461372,8.16457653045654,0.00210452824831009,0.0138623863458633,0.00716845877468586,-0.0108973197638988,0.0452519915997982,0.127677351236343,5.46887636184692,186.111114501953,35,49.4974746704102,"stone"
"176",15.222222328186,0.00469483574852347,0.0259623527526855,-52.8476905822754,0.00642209500074387,0.00813430640846491,0.00755857909098268,0.0300719644874334,0.0381347425282001,0.136885762214661,4.35791397094727,186.111114501953,0,0,"stone"
"177",16.1111106872559,0.00512820528820157,0.0198949351906776,-41.4353065490723,0.00815573427826166,0.010156880132854,0.00716845877468586,0.0188876837491989,0.0209539514034986,0.114747308194637,3.11728858947754,186.111114501953,35,49.4974746704102,"stone"
"178",16.1111106872559,0.00512820528820157,0.0344541966915131,-25.7998638153076,0.0134510453790426,0.0231081321835518,0.00716845877468586,0.00363675015978515,0.0263141747564077,0.132705628871918,4.58160734176636,186.111114501953,105,148.492431640625,"stone"
"179",9.33333301544189,0.00762527249753475,0.0200161021202803,7.32470655441284,-0.00215351488441229,0.00403190311044455,0.00999999977648258,-0.0329567454755306,0.0363955162465572,0.0426569506525993,1.17738687992096,172.777770996094,-240,240,"grass"
"180",9.88888931274414,0.00688298931345344,0.0197328086942434,10.5971431732178,-0.00301306648179889,0.00312355509959161,0.0102040814235806,-0.0365146733820438,0.0372144430875778,0.0345989465713501,0.92065167427063,172.777770996094,-240,268.328155517578,"grass"
"181",9.55555534362793,0.00805152952671051,0.0190471783280373,7.45810747146606,-0.00210986426100135,0.00268897227942944,0.0115740736946464,-0.026647062972188,0.036035917699337,0.0275496244430542,0.822354376316071,186.111114501953,-180,254.558441162109,"grass"
"182",8.55555534362793,0.00706486823037267,0.00857372954487801,-7.25859212875366,0.00465905899181962,0.00522021763026714,0.00548696843907237,0.00632664607837796,0.00707835191860795,0.0325190760195255,0.884266376495361,127.222221374512,0,0,"tree"
"183",8.55555534362793,0.00706486823037267,0.00211995793506503,-0.554978609085083,0.000616578210610896,0.00128907663747668,0.00548696843907237,0.000834956474136561,0.00175705878064036,0.0217883549630642,0.254883766174316,127.222221374512,0,0,"tree"
"184",8.77777767181396,0.00660660676658154,0.00881183985620737,8.10960006713867,-0.00458214804530144,0.005366669036448,0.00535475229844451,-0.00621307641267776,0.00726893125101924,0.0568285845220089,0.697285890579224,127.222221374512,0,0,"tree"
"185",9.88888931274414,0.00740740727633238,0.0147457644343376,8.02640151977539,-0.00227581243962049,0.00485129142180085,0.0102040814235806,-0.0101719191297889,0.0216952878981829,0.0551561638712883,1.43501710891724,172.777770996094,0,0,"grass"
"186",9.88888931274414,0.00707070715725422,0.00854102335870266,7.39879274368286,-0.00197391933761537,0.00203757733106613,0.00970873795449734,-0.0142747005447745,0.014638239517808,0.0228050649166107,0.634052515029907,172.777770996094,-60,84.8528137207031,"grass"
"187",10.4444446563721,0.00707070715725422,0.0203834809362888,3.972412109375,-0.00102583784610033,0.00336063909344375,0.0114547535777092,-0.0211910158395767,0.0376759581267834,0.0305098444223404,1.07719278335571,172.777770996094,-180,254.558441162109,"grass"
"188",8.55555534362793,0.00706486823037267,0.00788022391498089,-1.46283411979675,0.00163986254483461,0.00477671762928367,0.00548696843907237,0.00228302204050124,0.00659332564100623,0.0342451371252537,0.69636595249176,127.222221374512,0,0,"tree"
"189",8.55555534362793,0.00706486823037267,0.010558245703578,8.35222244262695,-0.00455970363691449,0.00642964895814657,0.00535475229844451,-0.00617992784827948,0.00871212873607874,0.0631301924586296,0.901338875293732,127.222221374512,0,0,"tree"
"190",9.22222232818604,0.00690521020442247,0.0123416120186448,9.61289882659912,-0.00530405528843403,0.00752349896356463,0.00535475229844451,-0.00715540070086718,0.0101519972085953,0.0577887743711472,1.184441447258,127.222221374512,0,0,"tree"
"191",9.88888931274414,0.00670498097315431,0.0133694773539901,2.64109516143799,-0.00068232201738283,0.00440378999337554,0.00961538497358561,-0.00304429046809673,0.01962935552001,0.055242296308279,1.30050003528595,172.777770996094,0,0,"grass"
"192",10.5555553436279,0.00700700702145696,0.0023359137121588,3.0597460269928,-0.000744345190469176,0.000770542130339891,0.00980392191559076,-0.00330309616401792,0.00342105189338326,0.0172805655747652,0.183164283633232,172.777770996094,0,0,"grass"
"193",9.66666698455811,0.00700700702145696,0.0149648990482092,2.99328660964966,-0.000764219672419131,0.00389797403477132,0.00925925932824612,-0.0090293874964118,0.0243756342679262,0.0379320830106735,1.24393689632416,172.777770996094,-60,84.8528137207031,"grass"
"194",8.77777767181396,0.00690521020442247,0.0258034989237785,-0.602594017982483,0.00156317965593189,0.0156462639570236,0.00535475229844451,0.00230066571384668,0.0215708874166012,0.108783170580864,2.07430720329285,127.222221374512,0,0,"tree"
"195",9.66666698455811,0.00633275741711259,0.0123532125726342,8.45852756500244,-0.00468361610546708,0.00753140216693282,0.0048840050585568,-0.00631482899188995,0.0101581877097487,0.0475296974182129,1.27061450481415,127.222221374512,0,0,"tree"
"196",9.88888931274414,0.00620417390018702,0.0100430734455585,8.36950302124023,-0.00431746803224087,0.00612826179713011,0.00477897236123681,-0.00580146815627813,0.00823725946247578,0.0502574890851974,0.994862735271454,127.222221374512,0,0,"tree"
"197",8,0.0109452735632658,0.0383463650941849,-18.5017967224121,0.0286758523434401,0.0288768634200096,0.00515084620565176,0.0202902369201183,0.0204406157135963,0.0844355821609497,2.04396200180054,183.888885498047,0,0,"tree"
"198",8,0.0109452735632658,0.0479234792292118,-11.4168300628662,0.0155341448262334,0.0362122356891632,0.00515084620565176,0.0108655551448464,0.0250860713422298,0.172475650906563,2.44557213783264,183.888885498047,0,0,"tree"
"199",8.88888931274414,0.0109452735632658,0.0305756442248821,-11.4541473388672,0.0114691080525517,0.0231694579124451,0.00425015157088637,0.00772175611928105,0.0157608054578304,0.112632155418396,1.76692235469818,183.888885498047,0,0,"tree"
"200",7.22222232818604,0.0149494949728251,0.0990458950400352,-43.6130867004395,0.0555276423692703,0.0580864809453487,0.0110529381781816,0.0579223409295082,0.108904294669628,0.21132618188858,5.15257453918457,221.66667175293,312.5,345.561126708984,"shrubs"
"201",5.55555534362793,0.0149494949728251,0.126506105065346,-57.7174453735352,0.0659945085644722,0.0668940469622612,0.0177404303103685,0.119812458753586,0.146288394927979,0.252508550882339,5.91391086578369,221.66667175293,277.5,314.265014648438,"shrubs"
"202",5.55555534362793,0.0149494949728251,0.149653181433678,-65.1057739257812,0.0765410661697388,0.0773458927869797,0.0177404303103685,0.171968579292297,0.172275304794312,0.287695705890656,6.28854370117188,221.66667175293,260,290.688842773438,"shrubs"
"203",7.77777767181396,0.0117899253964424,0.0180012956261635,2.17132544517517,0.00548182055354118,0.0165073294192553,0.00529100513085723,-0.012905708514154,0.0139612406492233,0.0562414303421974,0.766873598098755,183.888885498047,52.5,55.3398590087891,"tree"
"204",7.77777767181396,0.0135301351547241,0.0459741018712521,-0.487857818603516,0.0025116594042629,0.0367396734654903,0.00653594778850675,-0.00383156281895936,0.0204726997762918,0.14431656897068,2.22490072250366,183.888885498047,17.5,24.7487373352051,"tree"
"205",9.11111068725586,0.0105667626485229,0.0274339690804482,-6.36885547637939,0.00375563697889447,0.0193775240331888,0.00465735187754035,-0.00200493261218071,0.0176708083599806,0.0899258777499199,1.23652327060699,183.888885498047,-107.5,152.027954101562,"tree"
"206",9.55555534362793,0.011193010956049,0.0609308779239655,20.1412982940674,0.010366833768785,0.0183064416050911,0.0104358503594995,-0.0700122490525246,0.119254425168037,0.124613292515278,4.27930450439453,240,330,368.951202392578,"shrubs"
"207",5.55555534362793,0.0149494949728251,0.0768036916851997,26.9727420806885,0.00503593729808927,0.0187216382473707,0.0177404303103685,-0.0965730026364326,0.15013213455677,0.133970394730568,4.64506673812866,221.66667175293,330,368.951202392578,"shrubs"
"208",5.55555534362793,0.0149494949728251,0.0459754839539528,7.33806085586548,0.0231205280870199,0.0253535509109497,0.0177404303103685,-0.0435344316065311,0.0950171872973442,0.0749308913946152,2.45330429077148,221.66667175293,312.5,345.561126708984,"shrubs"
"209",7.55555534362793,0.00900900922715664,0.0668730288743973,27.007791519165,-0.0353540927171707,0.040938563644886,0.00653594778850675,-0.05728804692626,0.0577036961913109,0.145123928785324,2.7651424407959,183.888885498047,-252.5,289.935333251953,"tree"
"210",8.33333301544189,0.0114942528307438,0.0585500225424767,19.3261108398438,-0.0275265295058489,0.0383663512766361,0.00313873193226755,-0.0504433922469616,0.0505105592310429,0.117690227925777,2.2840428352356,183.888885498047,-377.5,381.133178710938,"tree"
"211",8.66666698455811,0.0114942528307438,0.0453278943896294,10.8203821182251,-0.0193250887095928,0.0274485200643539,0.00515084620565176,-0.0346077308058739,0.0387363210320473,0.0661707147955894,1.45333182811737,183.888885498047,-412.5,473.510833740234,"tree"
"212",12.3333330154419,0.0135986730456352,0.0641976892948151,49.9827613830566,-0.0197608601301908,0.0198360700160265,0.00999412126839161,-0.0959676429629326,0.102568961679935,0.165197491645813,4.72616958618164,240,277.5,314.265014648438,"shrubs"
"213",9.22222232818604,0.0103771192952991,0.116854228079319,70.6753463745117,-0.0324457138776779,0.0365508757531643,0.0103217968717217,-0.16554582118988,0.183493226766586,0.268904745578766,7.30308532714844,240,312.5,345.561126708984,"shrubs"
"214",10.1111106872559,0.0184354763478041,0.148907780647278,65.4186248779297,-0.0332037396728992,0.044040571898222,0.0117322290316224,-0.204071745276451,0.244557991623878,0.305251836776733,8.03650379180908,240,330,368.951202392578,"shrubs"
"215",4.77777767181396,0.0149253727868199,1.2078320980072,-26.9309253692627,1.02347874641418,1.17182326316833,0.00709219835698605,0.289548873901367,0.291779369115829,0.701316356658936,6.85399866104126,143.888885498047,-137.5,138.609161376953,"tree_in_shadow"
"216",0,0.111111111938953,1.47081744670868,-25.3352336883545,1.47282910346985,1.48717761039734,0.0370370373129845,0.0620205514132977,0.0621674172580242,0.672581672668457,5.98741674423218,143.888885498047,-602.5,608.820556640625,"tree_in_shadow"
"217",0,0.111111111938953,1.5821316242218,-31.7541561126709,1.63246893882751,1.63459098339081,0.00680272094905376,-0.110786445438862,0.121212013065815,0.748439908027649,7.27603006362915,157.222229003906,-1025,1025.30480957031,"tree_in_shadow"
"218",0,0.111111111938953,1.57561147212982,-15.0457324981689,1.1051287651062,1.6010057926178,0.0370370373129845,-0.0439007468521595,0.0561616271734238,0.680967688560486,5.4025821685791,143.888885498047,-185,335.596496582031,"tree_in_shadow"
"219",0,0.111111111938953,1.28554081916809,-10.9732713699341,1.31853413581848,1.34816551208496,0.00444444455206394,-0.145476669073105,0.299975723028183,0.455939769744873,3.50590753555298,143.888885498047,-512.5,802.472717285156,"tree_in_shadow"
"220",0,0.111111111938953,1.19772243499756,-10.5195369720459,1.29494953155518,1.29514014720917,0.0196078438311815,-0.248194724321365,0.250213980674744,0.442274421453476,3.53838467597961,105.555557250977,-822.5,841.434814453125,"tree_in_shadow"
"221",0,0.111111111938953,1.34333074092865,-2.65882897377014,0.299610763788223,1.38607311248779,0.00584795325994492,-0.321303248405457,0.330550342798233,0.510105609893799,3.58601117134094,143.888885498047,-392.5,599.009582519531,"tree_in_shadow"
"222",0,0.111111111938953,0.128564864397049,-0.202030509710312,0.117647059261799,0.166378065943718,0.0370370373129845,-0.16666667163372,0.235702261328697,0.0300896503031254,1.26044178009033,116.111114501953,-30,411.096099853516,"tree_in_shadow"
"223",4.33333349227905,0.0216450225561857,0.197783380746841,-49.9016036987305,0.0879556015133858,0.105728127062321,0.0179211478680372,0.177820935845375,0.223644062876701,0.281561344861984,6.41574382781982,258.333343505859,-100,141.421356201172,"shrubs"
"224",4.33333349227905,0.0216450225561857,0.221703752875328,-61.8691062927246,0.116654314100742,0.122247822582722,0.0179211478680372,0.239685878157616,0.243950918316841,0.333926945924759,6.98357629776001,258.333343505859,-52.5,55.3398590087891,"shrubs"
"225",8.77777767181396,0.0101010100916028,0.241445377469063,-54.5277442932129,0.0766060501337051,0.139138773083687,0.00747384177520871,0.16577921807766,0.246847659349442,0.408293634653091,8.95757961273193,258.333343505859,-70,78.2623825073242,"shrubs"
"226",4.33333349227905,0.0216450225561857,0.169172197580338,12.149866104126,-0.0336848236620426,0.0939668864011765,0.0179211478680372,-0.0188412964344025,0.19180953502655,0.192815393209457,4.8713526725769,258.333343505859,-70,78.2623825073242,"shrubs"
"227",4.33333349227905,0.0216450225561857,0.0484362579882145,4.63885116577148,-0.026011548936367,0.0391313098371029,0.0179211478680372,-0.00585920363664627,0.0264753811061382,0.0969982072710991,0.987043917179108,254.444442749023,-70,78.2623825073242,"shrubs"
"228",8.33333301544189,0.0169753078371286,0.225409254431725,-17.1640319824219,0.00808997079730034,0.12967149913311,0.0102171134203672,0.0381673313677311,0.235488295555115,0.340375393629074,7.35357475280762,254.444442749023,-52.5,55.3398590087891,"shrubs"
"229",1.55555558204651,0.0370370373129845,0.232179328799248,-4.16521072387695,0.523076951503754,0.530918002128601,-0.0814814791083336,-0.584848463535309,0.588364958763123,0.306945145130157,1.37675583362579,95.5555572509766,200,275.862274169922,"tree_in_shadow"
"230",1.44444441795349,0.0322580635547638,0.222436919808388,-3.88613104820251,0.473076909780502,0.484166324138641,-0.0505050495266914,-0.503409087657928,0.515227794647217,0.275897860527039,1.4394748210907,81.1111145019531,195,205.548049926758,"tree_in_shadow"
"231",1.55555558204651,0.0322580635547638,0.170878380537033,-3.34048509597778,0.389529913663864,0.389694511890411,-0.0505050495266914,-0.416991353034973,0.417200326919556,0.223712101578712,1.41317713260651,81.1111145019531,65,91.9238815307617,"tree_in_shadow"
"232",8,0.0134310135617852,0.209560692310333,58.3392868041992,-0.11035643517971,0.124947898089886,0.0111111113801599,-0.168170437216759,0.20708329975605,0.344366669654846,6.7743706703186,254.444442749023,-52.5,55.3398590087891,"shrubs"
"233",8,0.0138888889923692,0.204327315092087,54.9680404663086,-0.117767989635468,0.117768086493015,0.0111111113801599,-0.214545071125031,0.214818298816681,0.315481930971146,5.74464464187622,254.444442749023,-17.5,24.7487373352051,"shrubs"
"234",5.22222232818604,0.0291005298495293,0.170003205537796,30.7774391174316,-0.0671685934066772,0.100016556680202,0.0111768571659923,-0.11627185344696,0.171983420848846,0.254778116941452,5.14490604400635,254.444442749023,-65,91.9238815307617,"shrubs"
"235",1.44444441795349,0.0457516349852085,0.134817823767662,-1.58449900150299,0.281818181276321,0.285460323095322,-0.0814814791083336,-0.309803932905197,0.313163995742798,0.117587633430958,1.15874969959259,95.5555572509766,195,205.548049926758,"tree_in_shadow"
"236",1.44444441795349,0.0457516349852085,0.179849311709404,-2.09720659255981,0.353787869215012,0.37572854757309,-0.0814814791083336,-0.383333325386047,0.406780868768692,0.16444519162178,1.40998589992523,95.5555572509766,260,290.688842773438,"tree_in_shadow"
"237",1.44444441795349,0.0457516349852085,0.197395026683807,-2.57059383392334,0.424747467041016,0.425328403711319,-0.0814814791083336,-0.467521369457245,0.469011932611465,0.191108673810959,1.71894001960754,81.1111145019531,260,290.688842773438,"tree_in_shadow"
"238",1.44444441795349,0.0457516349852085,5.55111512312578e-17,0.163461521267891,-1.11022302462516e-16,1.11022302462516e-16,-0.0814814791083336,-5.55111512312578e-17,5.55111512312578e-17,0.0638266205787659,1.16364562511444,95.5555572509766,0,0,"tree_in_shadow"
"239",1.44444441795349,0.0457516349852085,0.0366031751036644,-0.0526569783687592,0.0500000007450581,0.0707106813788414,-0.0814814791083336,-0.054166667163372,0.0766032338142395,0.0628772974014282,1.35050940513611,95.5555572509766,65,91.9238815307617,"tree_in_shadow"
"240",1.44444441795349,0.0457516349852085,0.0667763575911522,-0.294730573892593,0.111111111938953,0.135628402233124,-0.0814814791083336,-0.11785714328289,0.15671794116497,0.05301633477211,1.3653427362442,95.5555572509766,195,205.548049926758,"tree_in_shadow"
"241",1.44444441795349,0.0457516349852085,0.0218728221952915,-0.337223619222641,0.0227272734045982,0.0549229346215725,-0.0814814791083336,-0.0196078438311815,0.069490373134613,0.0543928295373917,0.0821310952305794,95.5555572509766,-35,49.4974746704102,"shadow"
"242",1.44444441795349,0.0457516349852085,0.0326541587710381,0.403118759393692,-0.113636367022991,0.308086603879929,-0.0814814791083336,0.149019613862038,0.426856935024261,0.250256478786469,0.155333504080772,95.5555572509766,-105,171.026306152344,"shadow"
"243",1.66666662693024,0.0457516349852085,0.0700182616710663,0.904879570007324,-0.200000002980232,0.282842725515366,-0.0849673226475716,0.243137255311012,0.378588825464249,0.217883303761482,0.235304862260818,90,-140,220.227157592773,"shadow"
"244",1.44444441795349,0.0457516349852085,5.55111512312578e-17,0,-1.11022302462516e-16,1.11022302462516e-16,-0.0814814791083336,-5.55111512312578e-17,5.55111512312578e-17,0,2.22044604925031e-16,95.5555572509766,0,0,"shadow"
"245",1.44444441795349,0.0457516349852085,0.0842338129878044,0.353553384542465,-0.100000001490116,0.141421362757683,-0.0814814791083336,0.117647059261799,0.215365186333656,0.117587551474571,0.179999873042107,95.5555572509766,-35,207.966339111328,"shadow"
"246",1.66666662693024,0.0457516349852085,0.0753410086035728,0.70710676908493,-0.200000002980232,0.282842725515366,-0.0849673226475716,0.235294118523598,0.379724502563477,0.218125641345978,0.237152755260468,95.5555572509766,-70,183.847763061523,"shadow"
"247",1.44444441795349,0.0457516349852085,5.55111512312578e-17,-0.0347849428653717,-1.11022302462516e-16,1.11022302462516e-16,-0.0814814791083336,-5.55111512312578e-17,5.55111512312578e-17,0.0173751525580883,0.200772598385811,95.5555572509766,0,0,"shadow"
"248",1.44444441795349,0.0457516349852085,0.106548279523849,-0.0347849428653717,-1.11022302462516e-16,1.11022302462516e-16,-0.0814814791083336,-1.11022302462516e-16,0.062745101749897,0.0233112126588821,0.269364714622498,95.5555572509766,0,240,"shadow"
"249",1.66666662693024,0.0457516349852085,0.0432141646742821,-0.236048921942711,0.0500000007450581,0.254950970411301,-0.0849673226475716,-0.0588235296308994,0.361678332090378,0.199360474944115,0.104409739375114,82.2222213745117,35,139.463256835938,"shadow"
"250",0.888888895511627,0.0465949811041355,0.565069198608398,-5.57859086990356,0.545288681983948,0.581329703330994,0,0.0444444455206394,0.270345002412796,0.261343479156494,1.69175827503204,116.111114501953,0,430,"tree_in_shadow"
"251",0.555555582046509,0.0582010596990585,0.620582938194275,-7.5527138710022,0.597567558288574,0.620582938194275,0,0,0,0.29056516289711,2.20303821563721,116.111114501953,0,0,"tree_in_shadow"
"252",0.555555582046509,0.0582010596990585,0.676755726337433,-11.7319183349609,0.500974595546722,0.676755726337433,0,0,0,0.423124998807907,3.89194059371948,116.111114501953,0,0,"tree_in_shadow"
"253",0.333333343267441,0.0814814791083336,0.717046082019806,-3.84050488471985,0.716981768608093,0.764248967170715,0,-0.0555555559694767,0.261524498462677,0.243101328611374,1.64458179473877,116.111114501953,-107.5,339.944854736328,"tree_in_shadow"
"254",0.555555582046509,0.0582010596990585,0.634228467941284,-2.14117884635925,0.475187957286835,0.634228467941284,0,0,0,0.172078281641006,1.10752606391907,116.111114501953,0,0,"tree_in_shadow"
"255",0.555555582046509,0.0582010596990585,0.55105447769165,-3.71970391273499,0.342403531074524,0.55105447769165,0,0,0,0.246182858943939,1.9610071182251,116.111114501953,0,0,"tree_in_shadow"
"256",0.222222223877907,0.0814814791083336,0.412689715623856,-0.925536572933197,0.383613437414169,0.50372838973999,0,-0.266666680574417,0.37712362408638,0.128228291869164,1.05426919460297,116.111114501953,-90,127.279220581055,"tree_in_shadow"
"257",0.222222223877907,0.0814814791083336,0.786765992641449,-1.23796987533569,0.414845943450928,0.807234406471252,0,-0.404761910438538,0.41101610660553,0.190105482935905,1.11681163311005,116.111114501953,52.5,55.3398590087891,"tree_in_shadow"
"258",0.333333343267441,0.0718954280018806,0.42499178647995,-2.73425269126892,0.433243989944458,0.512467622756958,0,-0.409523814916611,0.414914697408676,0.167974829673767,1.15311944484711,116.111114501953,70,70,"tree_in_shadow"
"259",7.33333349227905,0.0114311845973134,0.0503731109201908,32.3778991699219,-0.046976201236248,0.0473599396646023,0.00469483574852347,-0.00742516992613673,0.0144952470436692,0.182718738913536,3.14607334136963,145.555557250977,55,55.226806640625,"tree"
"260",6.33333349227905,0.0093189962208271,0.0490522496402264,23.4421215057373,-0.0489363372325897,0.0560084544122219,0.00352733675390482,0.0091063603758812,0.016173604875803,0.169025734066963,2.12108445167542,145.555557250977,-75,154.434448242188,"tree"
"261",6.33333349227905,0.0117845116183162,0.0426521971821785,10.5912847518921,-0.0399587005376816,0.0505465529859066,0.00376647827215493,0.0201401859521866,0.0202028229832649,0.108899563550949,1.56827616691589,153.33332824707,-170,197.230834960938,"tree"
"262",7.33333349227905,0.0138394618406892,0.0911590307950974,-23.3425617218018,0.0491203814744949,0.0602310821413994,0.0101010100916028,0.0113364923745394,0.0916350483894348,0.214882329106331,3.35777378082275,208.33332824707,330,330,"shrubs"
"263",8.66666698455811,0.0130130127072334,0.0701854303479195,-32.3901824951172,0.0550203621387482,0.055369146168232,0.015356820076704,0.0343719273805618,0.0451393388211727,0.234108597040176,2.11403846740723,208.33332824707,312.5,345.561126708984,"shrubs"
"264",6.44444465637207,0.0179211478680372,0.0861645936965942,-33.0762176513672,0.0481215007603168,0.0588334538042545,0.0146425496786833,0.0462176688015461,0.0650447010993958,0.248994708061218,2.48258209228516,208.33332824707,277.5,314.265014648438,"shrubs"
"265",7.33333349227905,0.00854700896888971,0.010443314909935,8.100172996521,-0.00811077281832695,0.00846379622817039,0.00427350448444486,-0.00216045929118991,0.00601096171885729,0.0615728348493576,0.639359414577484,145.555557250977,30,42.4264068603516,"tree"
"266",8.33333301544189,0.00854700896888971,0.0290483273565769,14.089503288269,-0.0211559738963842,0.0295797120779753,0.00427350448444486,0.00437459303066134,0.00522677879780531,0.116898015141487,1.72927939891815,145.555557250977,25,43.0116271972656,"tree"
"267",8.33333301544189,0.00854700896888971,0.0439253002405167,16.5915870666504,-0.038410272449255,0.0482787862420082,0.00427350448444486,0.0140728047117591,0.0143716558814049,0.135584399104118,2.33629655838013,145.555557250977,-75,75.1664810180664,"tree"
"268",7.33333349227905,0.0118721462786198,0.077939361333847,29.5380687713623,-0.00212932890281081,0.0302649177610874,0.015356820076704,-0.110352233052254,0.12939977645874,0.142693474888802,4.42631244659424,226.66667175293,330,330,"shrubs"
"269",8.66666698455811,0.0179211478680372,0.0772308260202408,36.588981628418,-0.0128023447468877,0.0142735950648785,0.0207570213824511,-0.146942391991615,0.152044922113419,0.134126797318459,4.53780174255371,226.66667175293,330,368.951202392578,"shrubs"
"270",6.88888883590698,0.0151318637654185,0.0556439571082592,24.6798801422119,0.00195202883332968,0.025959599763155,0.0146425496786833,-0.113144367933273,0.113578729331493,0.108813412487507,3.19616889953613,208.33332824707,330,368.951202392578,"shrubs"
"271",8.33333301544189,0.00854700896888971,0.0148503202944994,-10.407639503479,0.00116694916505367,0.00373427174054086,0.00427350448444486,0.0159910917282104,0.0239387843757868,0.0722420141100883,1.58685708045959,145.555557250977,-82.5,116.672622680664,"tree"
"272",8.33333301544189,0.00854700896888971,0.00904000457376242,6.33768653869629,-0.00663836160674691,0.00670614745467901,0.00427350448444486,-0.00486641470342875,0.0049228142015636,0.0218161288648844,0.732854902744293,145.555557250977,0,0,"tree"
"273",8.33333301544189,0.00834938976913691,0.0355643965303898,23.4269161224365,-0.0251990668475628,0.0284266211092472,0.00427350448444486,-0.0141936140134931,0.0151875596493483,0.10948970913887,2.69742345809937,145.555557250977,30,42.4264068603516,"tree"
"274",7.33333349227905,0.0130130127072334,0.044642198830843,26.9651508331299,-0.00964205712080002,0.0150425117462873,0.00701754400506616,-0.0631376951932907,0.0681373253464699,0.0799073651432991,3.16641783714294,226.66667175293,200,208.806137084961,"shrubs"
"275",9.66666698455811,0.0111642740666866,0.046971894800663,32.7244033813477,-0.00846908986568451,0.00893018208444118,0.00974658876657486,-0.0801263377070427,0.0846941396594048,0.100425288081169,3.77954602241516,226.66667175293,342.5,352.296051025391,"shrubs"
"276",9.66666698455811,0.013669821433723,0.0290979165583849,24.1686534881592,0.0121101448312402,0.0121139483526349,0.0119904074817896,-0.081806980073452,0.0885199084877968,0.0554021261632442,3.32553815841675,226.66667175293,442.5,466.435943603516,"shrubs"
"277",0.777777791023254,0.044091708958149,0.702707231044769,-7.70366668701172,0.642156839370728,0.77633810043335,0.0555555559694767,0.142763152718544,0.14974969625473,0.342207610607147,2.89606761932373,140,-92.5,240.961608886719,"shadow"
"278",0.222222223877907,0.0849673226475716,0.651109516620636,-6.68058443069458,0.728179275989532,0.788133800029755,0,-0.17324560880661,0.898440599441528,0.314342588186264,2.59180593490601,140,-192.5,450.680053710938,"shadow"
"279",0.222222223877907,0.0814814791083336,0.626339375972748,-5.42061567306519,0.755105793476105,0.755143761634827,0,-0.610119044780731,0.987745583057404,0.271835327148438,2.32353138923645,116.111114501953,-115,382.687866210938,"shadow"
"280",0.222222223877907,0.0849673226475716,0.501616299152374,-2.74000787734985,0.504010021686554,0.677757680416107,0.0222222227603197,0.207142859697342,0.41492834687233,0.230226472020149,2.30813121795654,140,-97.5,394.730926513672,"shadow"
"281",0.222222223877907,0.0881226062774658,0.182398289442062,-1.27087998390198,0.385714292526245,0.460946470499039,-0.0370370373129845,-0.666666686534882,1.79505491256714,0.117020294070244,1.60148322582245,120,-145,420.773101806641,"shadow"
"282",0.222222223877907,0.0881226062774658,0.293081551790237,-0.753763616085052,0.270518213510513,0.274521052837372,-0.0370370373129845,-0.964285731315613,1.20714521408081,0.0598019883036613,1.32181835174561,120,-97.5,270.670471191406,"shadow"
"283",0.222222223877907,0.0881226062774658,0.228766322135925,-1.60997700691223,0.384733885526657,0.510679483413696,-0.0370370373129845,-0.933333337306976,1.34370958805084,0.150834873318672,1.90760791301727,143.888885498047,-145,453.789611816406,"shadow"
"284",0.222222223877907,0.0881226062774658,0.182289063930511,-0.586247742176056,0.219047620892525,0.235220745205879,-0.0370370373129845,-0.883333325386047,2.08019757270813,0.0481875985860825,1.42020869255066,120,-115,382.687866210938,"shadow"
"285",0.222222223877907,0.0881226062774658,0.300548225641251,-0.35814568400383,0.186904758214951,0.188899725675583,-0.0370370373129845,-0.719047605991364,0.964517891407013,0.0395470783114433,1.2950040102005,120,-20,141.421356201172,"shadow"
"286",10.6666669845581,0.00956585723906755,0.346216171979904,-101.795791625977,0.195968702435493,0.195986911654472,0.00805152952671051,0.374165385961533,0.378112286329269,0.51718670129776,10.9613084793091,226.66667175293,147.5,208.596496582031,"shrubs"
"287",10.6666669845581,0.00956585723906755,0.253779321908951,-81.4849548339844,0.141594022512436,0.148530676960945,0.00805152952671051,0.221417471766472,0.262027949094772,0.407422453165054,9.02519607543945,226.66667175293,195,275.771636962891,"shrubs"
"288",8.77777767181396,0.012089810334146,0.129111155867577,-57.7501831054688,0.0855926349759102,0.086098849773407,0.0090439273044467,0.0896205455064774,0.104947656393051,0.252209633588791,5.6877179145813,241.111114501953,212.5,300.520385742188,"shrubs"
"289",2.77777767181396,0.0189701896160841,0.226599648594856,-43.1905822753906,0.126752093434334,0.132461950182915,0.0107526881620288,0.188969552516937,0.251082301139832,0.25443634390831,5.9866771697998,226.66667175293,195,275.771636962891,"shrubs"
"290",2.77777767181396,0.012089810334146,0.248558536171913,-31.6725692749023,0.0814804136753082,0.135854199528694,0.0113378688693047,0.092915803194046,0.293195396661758,0.292260468006134,7.10506105422974,241.111114501953,195,275.771636962891,"shrubs"
"291",8.77777767181396,0.012089810334146,0.104119665920734,-24.5152816772461,0.0395961701869965,0.0587204918265343,0.0090439273044467,0.0385603755712509,0.109790489077568,0.196079552173615,4.07393312454224,241.111114501953,82.5,143.570541381836,"shrubs"
"292",1.88888883590698,0.0274509806185961,0.281277656555176,53.7956924438477,-0.130001321434975,0.136897191405296,0.0109546165913343,-0.329548060894012,0.369656473398209,0.266021519899368,8.25088882446289,241.111114501953,195,275.771636962891,"shrubs"
"293",7.33333349227905,0.0138067062944174,0.245237693190575,37.454948425293,-0.0822660401463509,0.13089656829834,0.034013606607914,-0.180412128567696,0.286734819412231,0.220459997653961,7.61669969558716,241.111114501953,82.5,116.672622680664,"shrubs"
"294",7.66666650772095,0.0138486316427588,0.0971742272377014,18.7226619720459,-0.0300769712775946,0.0500060617923737,0.00956585723906755,-0.059574369341135,0.109212599694729,0.0877774879336357,4.35395193099976,241.111114501953,35,78.2623825073242,"shrubs"
"295",0.888888895511627,0.060606062412262,0.280817419290543,-3.2038402557373,0.559235572814941,0.559925317764282,-0.0666666701436043,-0.787742793560028,0.789240658283234,0.201326385140419,1.46944785118103,118.333335876465,122.5,184.153472900391,"tree_in_shadow"
"296",0.888888895511627,0.0567901246249676,0.29036071896553,-4.61266040802002,0.704839706420898,0.706511557102203,-0.0333333350718021,-0.978661596775055,0.987617552280426,0.273846060037613,1.98995137214661,118.333335876465,-62.5,124.348304748535,"tree_in_shadow"
"297",1.44444441795349,0.0567901246249676,0.325877577066422,-4.98163509368896,0.779693484306335,0.830230832099915,-0.0333333350718021,-1.11060607433319,1.22109746932983,0.318317145109177,2.09737372398376,118.333335876465,-170,170,"tree_in_shadow"
"298",0.888888895511627,0.060606062412262,0.157281205058098,0.0314421653747559,0.0210526324808598,0.0821098610758781,-0.0769230797886848,-0.184615388512611,0.259115219116211,0.0268932953476906,0.539998590946198,108.888885498047,-170,274.089416503906,"tree_in_shadow"
"299",0.888888895511627,0.0567901246249676,0.163698896765709,0.0302930418401957,0.019057447090745,0.0871454402804375,-0.0909090936183929,-0.172552451491356,0.2481529712677,0.0287183225154877,0.611806988716125,108.888885498047,-170,274.089416503906,"tree_in_shadow"
"300",1.11111116409302,0.0567901246249676,0.256778955459595,0.109499953687191,-0.0437564514577389,0.264463663101196,-0.0909090936183929,-0.0374125875532627,0.460264325141907,0.0810231789946556,0.644881188869476,108.888885498047,-230,237.697280883789,"tree_in_shadow"
"301",1.22222220897675,0.0521541945636272,0.240825012326241,0.696633756160736,-0.180306822061539,0.19568744301796,-0.0769230797886848,0.146076142787933,0.214868232607841,0.0759933888912201,0.44281068444252,108.888885498047,-382.5,417.567352294922,"tree_in_shadow"
"302",1.11111116409302,0.0521541945636272,0.216632932424545,0.653085947036743,-0.180701747536659,0.20010769367218,-0.0769230797886848,0.170007765293121,0.238022118806839,0.0762354284524918,0.416777759790421,108.888885498047,-287.5,332.734893798828,"tree_in_shadow"
"303",1.11111116409302,0.0567901246249676,0.207059219479561,0.58732658624649,-0.188888892531395,0.267129242420197,-0.0909090936183929,0.20419579744339,0.363863408565521,0.0946803316473961,0.538092315196991,108.888885498047,-240,268.328155517578,"tree_in_shadow"
"304",7.66666650772095,0.0145185189321637,0.0954515039920807,-12.6687231063843,0.0250540096312761,0.0864057093858719,0.00886162277311087,0.0360726863145828,0.0371209867298603,0.206568598747253,2.49090814590454,277.777770996094,322.5,601.300659179688,"shrubs"
"305",9.44444465637207,0.0127682695165277,0.0526386573910713,-16.6110553741455,0.0283519439399242,0.033756285905838,0.00669344048947096,0.0503648780286312,0.0517778322100639,0.0824038460850716,1.54178941249847,277.777770996094,240,353.836120605469,"shrubs"
"306",9.44444465637207,0.0145433396100998,0.0737355425953865,-10.1632719039917,0.0171156376600266,0.0514299608767033,0.0075075076892972,0.0388031788170338,0.0533654354512691,0.142413631081581,3.08321046829224,277.777770996094,240,240,"shrubs"
"307",7.66666650772095,0.0145185189321637,0.118699267506599,-14.3790063858032,0.0302249863743782,0.0952419936656952,0.00764256296679378,0.0431970655918121,0.0593793354928493,0.238133981823921,3.46419739723206,276.666656494141,322.5,470.438629150391,"shrubs"
"308",7.66666650772095,0.0155112380161881,0.0563113540410995,-16.5300102233887,0.0283755771815777,0.0308651309460402,0.00813008099794388,0.0616156831383705,0.0626406297087669,0.0863272547721863,1.57357096672058,276.666656494141,175,262.011444091797,"shrubs"
"309",8.44444465637207,0.0131313130259514,0.10563812404871,-10.2881479263306,0.00633776281028986,0.0758611261844635,0.0102564105764031,0.0526053085923195,0.0782554224133492,0.196517258882523,4.1300048828125,291.111114501953,45,79.0569381713867,"shrubs"
"310",8.44444465637207,0.0145185189321637,0.12184651196003,27.8283214569092,-0.0392569862306118,0.0936242789030075,0.00789313949644566,-0.0297198314219713,0.0642799511551857,0.2500881254673,4.51718473434448,276.666656494141,-65,205.548049926758,"shrubs"
"311",8.44444465637207,0.0143652884289622,0.0577737912535667,22.0682468414307,-0.0479478575289249,0.0484455525875092,0.00920028332620859,-0.021858349442482,0.0218946300446987,0.098817452788353,2.00106692314148,276.666656494141,-195,205.548049926758,"shrubs"
"312",8.44444465637207,0.0149984695017338,0.108390741050243,9.34273052215576,-0.033504094928503,0.08486557751894,0.00813008099794388,-0.00189302011858672,0.0570378936827183,0.194254875183105,3.81351017951965,276.666656494141,-260,290.688842773438,"shrubs"
"313",0.555555582046509,0.0699588507413864,0.3761365711689,1.07188439369202,-0.222222223877907,0.496903985738754,-0.111111111938953,0.333333343267441,0.74535596370697,0.145534113049507,1.35770297050476,82.7777786254883,85,194.550765991211,"tree_in_shadow"
"314",0.333333343267441,0.0864197537302971,0.341078370809555,0,0,0,-0.111111111938953,0,0,0,0.604932844638824,82.7777786254883,205,343.00146484375,"tree_in_shadow"
"315",0.333333343267441,0.0814814791083336,0.3050557076931,0,0,0,-0.111111111938953,0,0,0,0.553936302661896,106.666664123535,270,462.087646484375,"tree_in_shadow"
"316",0.555555582046509,0.0699588507413864,0.612888336181641,1.07307076454163,-0.130268201231956,0.807511627674103,-0.111111111938953,0.183333337306976,1.19745099544525,0.257758796215057,1.9341048002243,118.333335876465,552.5,574.510681152344,"tree_in_shadow"
"317",0.555555582046509,0.0699588507413864,0.174686163663864,0.0811107084155083,-0.0588235296308994,0.083189032971859,-0.111111111938953,0.125,0.176776692271233,0.0191109944134951,1.07375073432922,82.7777786254883,515,617.110229492188,"tree_in_shadow"
"318",0.333333343267441,0.0864197537302971,0.171645626425743,0.162221416831017,-0.117647059261799,0.117647059261799,-0.111111111938953,0.25,0.25,0.0270270276814699,1.03321313858032,106.666664123535,330,380.788665771484,"tree_in_shadow"
"319",0.555555582046509,0.0414593704044819,0.601811408996582,1.28650009632111,-0.389225751161575,0.907857596874237,-0.111111111938953,0.720346331596375,1.34983503818512,0.301431477069855,2.0688214302063,118.333335876465,432.5,435.674774169922,"tree_in_shadow"
"320",0.333333343267441,0.0864197537302971,0.454732745885849,1.79852116107941,-0.590977430343628,0.627981901168823,-0.111111111938953,1.07878792285919,1.14487016201019,0.166405782103539,1.61665523052216,118.333335876465,407.5,442.507049560547,"tree_in_shadow"
"321",0.888888895511627,0.0864197537302971,0.547462403774261,2.41901040077209,-0.685714304447174,0.685714304447174,-0.111111111938953,1.21212124824524,1.21212124824524,0.193242967128754,1.76784300804138,125,312.5,321.966613769531,"tree_in_shadow"
"322",7.11111116409302,0.0115440115332603,0.0119575578719378,-4.71542310714722,6.97560317348689e-05,0.0167250018566847,0.00805152952671051,0.00997148454189301,0.0157288797199726,0.0340594314038754,0.393753349781036,182.777770996094,-65,205.548049926758,"tree"
"323",7.33333349227905,0.0116783445701003,0.0085047809407115,-1.76138126850128,0.00223308335989714,0.00722385477274656,0.00671140942722559,0.00242153578437865,0.0317263193428516,0.0640403255820274,1.16215217113495,197.222229003906,0,260,"tree"
"324",7.77777767181396,0.0116783445701003,0.0176145937293768,0.167203903198242,5.20904031873215e-05,0.00991909764707088,0.00645161280408502,0.0068856617435813,0.0173235926777124,0.036999236792326,0.731681942939758,197.222229003906,60,84.8528137207031,"tree"
"325",7.11111116409302,0.0115440115332603,0.018759960308671,6.82433891296387,-0.0145317101851106,0.0199469774961472,0.00805152952671051,-0.00686647230759263,0.0167805720120668,0.034695066511631,0.760970652103424,182.777770996094,-65,205.548049926758,"tree"
"326",7.44444465637207,0.0122677879408002,0.0127216437831521,2.5993218421936,-0.0143116191029549,0.0188801195472479,0.00709219835698605,0.00320572126656771,0.0261614490300417,0.05402871966362,0.710102736949921,197.222229003906,-130,290.688842773438,"tree"
"327",8.11111068725586,0.0112721417099237,0.0104429489001632,-3.20685744285583,-0.00105458858888596,0.00441477121785283,0.00645161280408502,0.00771744595840573,0.014767087996006,0.0389799475669861,0.820578992366791,197.222229003906,-65,91.9238815307617,"tree"
"328",7.44444465637207,0.0108401086181402,0.0178242865949869,7.52353715896606,-0.0146325854584575,0.0148197775706649,0.0075075076892972,-0.00699559319764376,0.0104023767635226,0.0392686501145363,0.790337741374969,182.777770996094,-65,91.9238815307617,"tree"
"329",7.33333349227905,0.0122677879408002,0.0218313708901405,3.02294993400574,-0.0147016206756234,0.0279587171971798,0.00709219835698605,0.00291268341243267,0.013904944062233,0.0135556198656559,0.374925017356873,182.777770996094,-130,290.688842773438,"tree"
"330",7.55555534362793,0.0122677879408002,0.00478469394147396,-3.4816198348999,-0.000919359445106238,0.011322452686727,0.00709219835698605,0.00774457957595587,0.01742934435606,0.0303600467741489,0.480226665735245,197.222229003906,-65,205.548049926758,"tree"
"331",9.77777767181396,0.00863557867705822,0.0299846306443214,19.363187789917,-0.0249258130788803,0.0250158123672009,0.00499375769868493,-0.0106077678501606,0.014616553671658,0.0583181865513325,2.07942485809326,169.444442749023,-82.5,116.672622680664,"tree"
"332",9.44444465637207,0.00863557867705822,0.0493041947484016,27.4555644989014,-0.0453104935586452,0.0468207746744156,0.00499375769868493,-0.00591531535610557,0.00594883924350142,0.103863559663296,2.70881843566895,169.444442749023,-247.5,260.887908935547,"tree"
"333",9.88888931274414,0.00684570847079158,0.0539870411157608,25.6905059814453,-0.040548212826252,0.0534848012030125,0.00548696843907237,-0.00352934841066599,0.00406122487038374,0.117148920893669,2.95132040977478,151.111114501953,-247.5,350.017852783203,"tree"
"334",9.44444465637207,0.00863557867705822,0.018487611785531,0.163729593157768,-0.00712919142097235,0.0254817977547646,0.00499375769868493,0.00546731194481254,0.014692603610456,0.0370395183563232,0.287994652986526,169.444442749023,-82.5,260.887908935547,"tree"
"335",9.77777767181396,0.00863557867705822,0.0292171873152256,5.35602521896362,-0.0245832204818726,0.0367302000522614,0.00499375769868493,0.0130874402821064,0.0160909779369831,0.0509096831083298,0.947984337806702,169.444442749023,-247.5,350.017852783203,"tree"
"336",9.77777767181396,0.00725851487368345,0.0259550046175718,6.88601922988892,-0.0249071978032589,0.0290468763560057,0.00597371580079198,0.0119450492784381,0.0131412651389837,0.0619346052408218,1.40607297420502,151.111114501953,-247.5,260.887908935547,"tree"
"337",9.77777767181396,0.00837520975619555,0.0338873937726021,-11.4701843261719,0.00956548936665058,0.0388923287391663,0.00597371580079198,0.00893873907625675,0.0165967512875795,0.0759218782186508,1.42817211151123,169.444442749023,0,330,"tree"
"338",9.77777767181396,0.00725851487368345,0.0312092956155539,-6.6793007850647,0.00440547987818718,0.0369347594678402,0.00597371580079198,0.00520572764798999,0.0139128006994724,0.0676032081246376,1.20771598815918,151.111114501953,0,330,"tree"
"339",9.77777767181396,0.00725851487368345,0.0129974950104952,-6.78054141998291,0.00353982066735625,0.00762546574696898,0.00597371580079198,0.00528317643329501,0.0113838044926524,0.0576759688556194,1.28616559505463,151.111114501953,0,0,"tree"
"340",7.22222232818604,0.0105820102617145,0.0242366846650839,-10.7770385742188,0.0136823272332549,0.0156195815652609,0.00793650839477777,0.0165696498006582,0.0189186725765467,0.0637267082929611,1.19995820522308,182.777770996094,0,0,"tree"
"341",6.22222232818604,0.0111111113801599,0.0425203591585159,-20.9096488952637,0.0269897952675819,0.027404323220253,0.0077160494402051,0.0327475219964981,0.0331896357238293,0.112972058355808,2.10831570625305,182.777770996094,0,0,"tree"
"342",7.22222232818604,0.0113960113376379,0.0580783188343048,-28.1288051605225,0.0346932634711266,0.0374741964042187,0.00793650839477777,0.0418697260320187,0.0451479405164719,0.158038944005966,2.97669148445129,182.777770996094,0,0,"tree"
"343",6.55555534362793,0.0128824478015304,0.0364833399653435,-11.1879844665527,0.0156157752498984,0.0159955359995365,0.00719424476847053,0.0441829636693001,0.0478654094040394,0.0836828276515007,1.89780247211456,197.222229003906,240,449.444091796875,"tree"
"344",6.66666650772095,0.0116550112143159,0.0311717018485069,-6.37373447418213,0.00915185362100601,0.0185886099934578,0.00694444449618459,0.0417724587023258,0.0423665530979633,0.046697273850441,0.831453084945679,169.444442749023,240,449.444091796875,"tree"
"345",6.44444465637207,0.0116550112143159,0.0139638064429164,-0.610161542892456,0.000476128654554486,0.00163146003615111,0.00694444449618459,0.0260429047048092,0.0279789492487907,0.015404736623168,0.10555112361908,169.444442749023,180,189.736663818359,"tree"
"346",7.22222232818604,0.0113960113376379,0.0171653125435114,-2.38847970962524,0.00295086391270161,0.0110482722520828,0.00793650839477777,0.00354555412195623,0.0134620359167457,0.0336647145450115,0.906257331371307,182.777770996094,0,0,"tree"
"347",7.11111116409302,0.0115440115332603,0.00889047980308533,-2.04870295524597,0.00256929406896234,0.00567920366302133,0.00805152952671051,0.00309358537197113,0.00717179290950298,0.0106030711904168,0.517309606075287,182.777770996094,0,0,"tree"
"348",7.11111116409302,0.0113960113376379,0.0238336343318224,-3.53635406494141,0.00401107827201486,0.015367322601378,0.00805152952671051,0.00478608906269073,0.0185718033462763,0.0719953924417496,1.11766958236694,182.777770996094,0,0,"tree"
"349",6.22222232818604,0.0129198962822556,0.0175622217357159,-5.59753656387329,0.00920196902006865,0.0123854577541351,0.00910746771842241,0.0175681244581938,0.0307571720331907,0.0419519767165184,1.42363512516022,197.222229003906,60,325.576416015625,"tree"
"350",6.44444465637207,0.0125195616856217,0.0254308879375458,-2.35904979705811,0.00443431874737144,0.0230172015726566,0.00881834235042334,0.0304392222315073,0.03226363286376,0.0012853448279202,0.462280243635178,182.777770996094,180,367.151184082031,"tree"
"351",6.77777767181396,0.0125195616856217,0.0255612935870886,0.539318740367889,0.00011101845302619,0.00815381295979023,0.00881834235042334,0.0338952727615833,0.0427954271435738,0.0405757464468479,0.573799431324005,182.777770996094,240,268.328155517578,"tree"
"352",7.22222232818604,0.0112517578527331,0.0218636244535446,10.8832216262817,-0.0137929674237967,0.014083462767303,0.00793650839477777,-0.0167215578258038,0.0170964803546667,0.0649403408169746,0.995172262191772,182.777770996094,0,0,"tree"
"353",7.11111116409302,0.0115440115332603,0.0428760387003422,21.2468872070312,-0.0275903549045324,0.0276215765625238,0.00805152952671051,-0.0334930308163166,0.0335193164646626,0.111226141452789,2.11681962013245,182.777770996094,0,0,"tree"
"354",7.11111116409302,0.0115440115332603,0.0536764487624168,25.6606254577637,-0.0324906930327415,0.0346066839993,0.00805152952671051,-0.0393291749060154,0.0418450385332108,0.138583958148956,2.72764492034912,182.777770996094,0,0,"tree"
"355",6.44444465637207,0.0132726579904556,0.000599109334871173,-0.237175449728966,0.000516240601427853,0.0133947376161814,0.0077519379556179,0.000159418865223415,0.0290889386087656,0.0154666909947991,0.940309762954712,197.222229003906,0,260,"tree"
"356",6.44444465637207,0.0125195616856217,0.0199791304767132,2.49801874160767,-0.00356039847247303,0.0265750605612993,0.00881834235042334,-0.00440588546916842,0.015786262229085,0.0224127992987633,0.220055431127548,182.777770996094,0,260,"tree"
"357",6.44444465637207,0.0125195616856217,0.0215351451188326,4.32361459732056,-0.00581372575834394,0.0124243637546897,0.00881834235042334,0.00102028332185,0.0217309538275003,0.0613136552274227,0.774939835071564,182.777770996094,60,84.8528137207031,"tree"
"358",0.555555582046509,0.0617283955216408,0.46581158041954,-0.159509137272835,0.0535714291036129,0.308262079954147,-0.111111111938953,-0.0833333358168602,0.589255630970001,0.100572682917118,1.56740379333496,100,-147.5,152.192306518555,"tree_in_shadow"
"359",0.888888895511627,0.0617283955216408,0.270474582910538,-0.974628746509552,0.416666656732559,0.417346388101578,-0.111111111938953,-0.800000011920929,0.800694167613983,0.123647436499596,2.01293277740479,100,-207.5,260.504333496094,"tree_in_shadow"
"360",0.666666686534882,0.0617283955216408,0.0494251437485218,-1.53993570804596,0.548076927661896,0.560760080814362,-0.0555555559694767,-1.05833327770233,1.07864367961884,0.174439296126366,2.15055298805237,100,-367.5,371.231048583984,"tree_in_shadow"
"361",0.888888895511627,0.0617283955216408,0.232996836304665,-0.466332346200943,0.267857134342194,0.268451720476151,-0.111111111938953,-0.583333313465118,0.589255630970001,0.0788397490978241,1.40031218528748,94.4444427490234,-10,140.356689453125,"tree_in_shadow"
"362",0.888888895511627,0.0617283955216408,0.163994282484055,-0.649191319942474,0.321428567171097,0.32926943898201,-0.111111111938953,-0.666666686534882,0.687184274196625,0.103521667420864,1.39292621612549,94.4444427490234,-135,275.363403320312,"tree_in_shadow"
"363",0.888888895511627,0.0617283955216408,0.176725298166275,-0.238472431898117,0.116666667163372,0.309972852468491,-0.111111111938953,-0.300000011920929,0.540832698345184,0.106848508119583,1.11087691783905,94.4444427490234,-252.5,353.571075439453,"tree_in_shadow"
"364",0.888888895511627,0.0617283955216408,0.236443012952805,-0.0944911167025566,0.0714285746216774,0.101015254855156,-0.111111111938953,-0.16666667163372,0.235702261328697,0.0261891391128302,0.870728015899658,94.4444427490234,-102.5,267.885223388672,"tree_in_shadow"
"365",0.888888895511627,0.0617283955216408,0.180560320615768,0,0,0,-0.111111111938953,0,0,0,0.989619493484497,94.4444427490234,-102.5,277.150695800781,"tree_in_shadow"
"366",1.11111116409302,0.0526315793395042,0.225350603461266,0.209627404808998,-0.0564102567732334,0.480247586965561,-0.111111111938953,0.0416666679084301,0.692920565605164,0.193103566765785,0.261562526226044,81.1111145019531,-85,340.771179199219,"tree_in_shadow"
"367",1,0.0370370373129845,0.150115102529526,-2.99385929107666,0.254189282655716,0.290458381175995,0,-0.583023190498352,0.585949778556824,0.230351686477661,1.64641761779785,107.222221374512,160,268.001861572266,"shadow"
"368",1,0.0370370373129845,0.195947051048279,-8.22347831726074,0.332066237926483,0.349664688110352,0,-0.388192713260651,0.388196289539337,0.328666478395462,2.25734567642212,116.111114501953,160,268.001861572266,"shadow"
"369",1.33333337306976,0.0237203501164913,0.269068479537964,-12.7377681732178,0.337007999420166,0.365625023841858,0,-0.273589283227921,0.28020653128624,0.445954263210297,2.73623275756836,107.222221374512,95,115.108642578125,"shadow"
"370",1.11111116409302,0.0396825410425663,0.0782830268144608,-3.52261972427368,0.223707467317581,0.24657778441906,0,-0.424060136079788,0.432018309831619,0.208274096250534,1.1107132434845,116.111114501953,-70,114.017539978027,"shadow"
"371",1.11111116409302,0.0396825410425663,0.0620507225394249,-5.64821577072144,0.226476222276688,0.235820755362511,0,-0.391395151615143,0.400475233793259,0.262714117765427,1.42596590518951,116.111114501953,-242.5,294.724456787109,"shadow"
"372",1,0.0421455949544907,0.175411954522133,-8.4169454574585,0.261974036693573,0.299505949020386,0,-0.286482334136963,0.295517206192017,0.354451537132263,1.98308825492859,116.111114501953,-230,240.416305541992,"shadow"
"373",1.11111116409302,0.0394265241920948,0.155420556664467,-6.41712760925293,0.346268594264984,0.369015425443649,0,-0.473626375198364,0.491608530282974,0.468843102455139,1.06959009170532,116.111114501953,-200,200.062484741211,"shadow"
"374",1.11111116409302,0.0396825410425663,0.142257735133171,-6.21066951751709,0.323802530765533,0.329605549573898,0,-0.415384620428085,0.434218317270279,0.378746032714844,1.24964106082916,116.111114501953,-170,208.086517333984,"shadow"
"375",1,0.0421455949544907,0.164496317505836,-6.77495622634888,0.33067587018013,0.347539603710175,0,-0.382499992847443,0.418014287948608,0.352513551712036,1.64340162277222,116.111114501953,-122.5,128.111282348633,"shadow"
"376",0.666666686534882,0.0694444477558136,0.19694995880127,-2.92546439170837,0.431833267211914,0.494733929634094,-0.0370370373129845,-0.606410264968872,0.98345547914505,0.217625513672829,1.03942203521729,102.777778625488,127.5,141.994720458984,"shadow"
"377",0.666666686534882,0.0617283955216408,0.207920163869858,-2.81440019607544,0.47108581662178,0.487815767526627,-0.0370370373129845,-0.687296032905579,0.728030622005463,0.223176553845406,1.00402367115021,102.777778625488,127.5,129.470077514648,"shadow"
"378",0.666666686534882,0.0617283955216408,0.157525956630707,-1.98370039463043,0.343266248703003,0.343728870153427,-0.0555555559694767,-0.618181824684143,0.669696986675262,0.167241603136063,0.696711897850037,100,-62.5,115.812347412109,"shadow"
"379",0.666666686534882,0.0617283955216408,0.280972421169281,0.559864282608032,-0.0214285720139742,0.343150913715363,-0.0370370373129845,-0.515384614467621,0.911068618297577,0.148150905966759,0.911766171455383,102.777778625488,-170,202.484573364258,"shadow"
"380",0.666666686534882,0.0617283955216408,0.283510774374008,0.0406708531081676,0.00833333376795053,0.0949741452932358,-0.0370370373129845,-0.435714274644852,0.509601712226868,0.0245421808212996,0.732653975486755,100,-342.5,357.508728027344,"shadow"
"381",0.666666686534882,0.0617283955216408,0.297642379999161,-0.136969804763794,0.0625,0.0668691024184227,-0.0555555559694767,-0.454761892557144,0.490325927734375,0.0454559475183487,0.74309629201889,76.1111145019531,-325,355.879180908203,"shadow"
"382",0.666666686534882,0.0493827164173126,0.210585534572601,0.341897070407867,-0.0155393276363611,0.379767149686813,-0.0555555559694767,-0.266666680574417,0.72040331363678,0.191546425223351,1.12760877609253,96.1111145019531,-317.5,424.985290527344,"shadow"
"383",0.666666686534882,0.0493827164173126,0.22660368680954,0.0596641227602959,0.0026960785035044,0.105671651661396,-0.0555555559694767,-0.283333331346512,0.400693833827972,0.0175473261624575,0.813595235347748,76.1111145019531,-330,349.4638671875,"shadow"
"384",1,0.0444444455206394,0.106180787086487,-0.35370084643364,0.138888895511627,0.208536937832832,-0.0555555559694767,-0.383333325386047,0.476678311824799,0.0418994128704071,0.943996369838715,76.1111145019531,-75,158.823806762695,"shadow"
